Length,Load,E,I,Deflection
7.961781037571336,21.907976300978792,33755535563.35755,0.004914406397196655,6.909806572118155e-06
5.015595341022261,11.700997722479453,29831625857.348,0.004302244568710404,7.512415799946905e-07
9.436126723841705,46.86161541723453,32256866384.39396,0.009941888401686869,1.50848166235726e-05
4.403231591258895,31.854770335474047,30493661771.49491,0.003106316601013535,1.646053983459266e-06
7.287073023924287,7.158886766397836,30343736304.055565,0.005633393537757466,1.537650425613447e-06
4.285273078798786,49.740173411485095,31690040436.109467,0.0098791856453935,6.976155382160463e-07
4.5881108708715255,20.07377590458617,27111381440.988888,0.005140620482240951,8.310674597358107e-07
3.321270474065556,6.305099345349044,20250209372.152767,0.004296918738364771,1.1480506108791437e-07
8.066669625032432,33.69221280233031,28700721872.89298,0.007939700199376717,8.151705345641095e-06
3.351814735168184,14.188480279996979,23134320974.540585,0.0017692654616312364,5.696983057486197e-07
2.767501449541073,29.148596020724526,20616153232.348595,0.007852051030687505,1.3753622576673e-07
4.6362844293593755,34.55077659555755,21811041934.81429,0.0031011840782490495,3.0730733108033076e-06
7.9624804161852,10.77497953590569,24482770794.442097,0.008359721717376464,2.755474240045621e-06
9.852588248059586,6.42063818722626,34633994821.3628,0.002891892635545855,7.865630814836322e-06
3.1490431972977664,40.30154110312182,20573450834.909714,0.0008736448907063729,2.87099754873322e-06
8.540649530757342,5.788346876535591,27490153459.06926,0.005780447866311156,2.5235869867608985e-06
6.152279156823103,44.408939882741535,24511205893.20118,0.0021919561456629024,1.5419020274401284e-05
6.39515034681562,15.943838025283888,26979023053.444878,0.009845547034640294,1.3072800063450027e-06
8.71299079144784,13.819800560794882,24955081793.234707,0.0012412504229431902,3.348044090406845e-05
4.718805203969886,41.94627269086584,26719225101.56845,0.0029953343090478243,3.383694884430929e-06
2.5661590675770265,26.650196926981295,31101211683.572037,0.0024946473707644456,1.939487664352494e-07
8.492621408301819,11.921822315442451,20116023796.787453,0.006627899205893034,6.056621659927083e-06
6.067728180057374,28.082858097749156,27450662192.690174,0.004229316237124729,4.269348127009375e-06
5.465258432787055,15.224662269252697,32521664337.521454,0.008571869298183456,6.344259753162282e-07
3.307361135083635,9.65978258064914,29158860586.003525,0.0068797146720356184,7.502251690458911e-08
6.108069470932929,45.86597619134549,22078484945.668007,0.000611813471567334,6.153992876116507e-05
9.214916385277942,48.539417528176,28039115661.330593,0.0011425900426662678,0.00014224735142418296
6.153425401477124,43.80086515823553,25447642418.953865,0.006771027775329891,4.745555749850251e-06
2.2735750099781296,34.393816222292074,27320898654.79891,0.008140690975186502,5.380220132188091e-08
3.7137486551250305,9.904082319963525,29415416307.67723,0.004497520135785137,1.8541929947164793e-07
7.899956880171073,28.496821825456713,26273452139.83042,0.0017878787482086805,3.076655630349728e-05
9.589614050427354,32.188557250544065,29332549868.08128,0.0009036828606734244,0.00013371463481992138
5.994180301548689,15.11007571052684,28428768027.558247,0.006941193133358963,1.2871597794972569e-06
7.2749920472262195,17.14598539546339,33914074087.590466,0.005861964803320541,3.1456337078319757e-06
9.883627640053044,29.149078461181492,22779344996.381145,0.004741264184072934,3.353464576389377e-05
7.805468506503658,36.017346229562435,32109536804.4509,0.008390120499750643,6.46166077750352e-06
7.734792625306966,34.98852031549982,32840321527.671528,0.004466554802084966,1.1116779378264554e-05
5.182832767330098,46.91822908290472,26565627937.97432,0.0012407741938189414,1.3373230698718625e-05
6.145649373239536,26.433165623124363,31546457046.68341,0.005989464016240287,2.598486838825314e-06
4.608926823081959,11.22569567182573,26910864036.655205,0.004925589773498544,4.975828629030427e-07
7.041294147633047,29.289992739707174,24020362392.039185,0.008452198911705235,4.6176257204876265e-06
4.370787343473368,25.9435740066961,20246289560.430065,0.006905616527512648,8.817782655941195e-07
7.6576656317054965,9.931247896342175,31440983422.931202,0.006140701856343856,2.303106736246677e-06
5.135628878982449,24.49018780265379,20212778864.572926,0.009319206867613167,1.1776071879721345e-06
9.837250259677344,5.228563357123891,22980393181.31219,0.0022299319548149104,1.244133456180258e-05
5.586279761994471,30.647746191950496,23000075061.29483,0.009998457402128154,1.6899186318690285e-06
3.2153916205888473,33.18141568633796,29657379080.863018,0.0024313135797140104,6.404650710517532e-07
9.921251244507815,46.4929383432978,29177493683.299843,0.0063166014131420594,3.1824391514335145e-05
8.137107301909449,41.51609040411195,34153387757.843754,0.00798093462210855,8.694565002904438e-06
8.066640239159575,35.799966723255935,27576294322.104435,0.0012320329096460068,5.809435608410488e-05
9.211562981098893,6.752421421088453,30463225997.542164,0.007191364761904072,2.88964446856407e-06
6.262293130098682,32.8685191402009,21094630665.256077,0.008340377292719907,3.7410616468521245e-06
8.05264869635211,17.67748330368786,23608263438.84802,0.0049776113897524454,8.236243875858424e-06
7.014467426898729,31.976809853705138,31802180162.446156,0.005502161404370546,5.760530839748263e-06
4.428472254632299,34.80192966672077,25168132643.1375,0.008126521194645749,8.52122731286626e-07
7.0617095439101165,33.67667180502712,32012897358.641716,0.0076197367091954534,4.470358981794781e-06
4.704261668482297,43.3536797744653,22947114349.88191,0.002608174268393358,4.61919123937301e-06
6.834702810135147,45.693644452409956,29875966604.59124,0.004584208657892449,9.479529362683285e-06
4.643108781557808,43.20783647262582,32332007825.54319,0.005683319071903337,1.4229905675453217e-06
4.918052371859526,6.558260486892681,25348314405.45864,0.0014252313998584015,1.3828197445288583e-06
3.543266899767141,5.9341710864935155,28558510113.76762,0.006326453402727058,6.740908801795826e-08
2.9193893224328136,16.826411555903498,22087839940.20382,0.009802683828770597,7.350216075359856e-08
7.55077356005989,23.007982752082945,34804314813.36695,0.006104452531604537,4.583563997095225e-06
7.9896874882840265,20.19260498091454,34701519091.295906,0.004693011291285939,6.578853467983305e-06
6.6172975853851845,9.694389130163483,30273446191.48241,0.0028425445118866553,2.8126309723708256e-06
4.523761191889729,49.19310563887746,34041183402.21155,0.007418672936216481,1.0622110842749767e-06
7.5259881320107676,12.245743506603162,28550549287.547817,0.009237272897883422,1.9396341095830145e-06
5.244374645237084,23.829017834255595,24493599265.77368,0.002330606701281136,4.111479786632323e-06
2.615486094394165,29.31334178623967,29798416256.466225,0.0007080723659998416,8.465311533028373e-07
8.035941619645907,17.24276297291294,34252276729.74416,0.007612885943733002,3.5904919947132015e-06
5.027954801627797,46.28918076280823,26045570144.24879,0.007381909046927734,2.003462306147487e-06
8.438324772623009,14.203982531775278,30801286007.265713,0.007687855844543064,3.9600418395212844e-06
7.9917325915434025,21.03447681611328,32086827790.705227,0.00039632534940483503,8.785280543631298e-05
3.9706009219277503,20.404537261800055,32315599601.112278,0.003486848183840061,5.860642488269557e-07
9.285936474619183,21.143850196892462,29388220414.085968,0.0020634529515331647,3.375653232929294e-05
4.43370646670933,6.752124361107324,29601884564.635868,0.003049475880671338,3.763590799933312e-07
5.1840909399341335,35.02385895179789,22535083467.4929,0.009913369538763536,1.4743912815325881e-06
3.131990875881426,34.14350649738459,30543757911.199146,0.0042138700158920435,3.323726269385455e-07
9.525108807556395,40.94833701085421,27991355418.65063,0.00551316669609941,2.8440012168930277e-05
3.443906056045356,41.864614076655315,24857495484.66635,0.001909786907836835,1.6152835696570922e-06
2.5873299881122485,7.615632244407893,26389862125.810528,0.008069069603093584,2.0868510382111223e-08
4.904516349733778,15.781891885452197,27380372662.412884,0.003683103246802125,1.1790421800430426e-06
4.277924711901288,43.95378835996681,31097152454.409573,0.0004801295886689788,1.2837739159055953e-05
9.86759001136387,23.4688463248372,31233828557.87929,0.0023844013395584993,3.890185660021243e-05
9.958195663493122,7.80221502757699,28666645588.865845,0.0035483774827345113,9.821382479883627e-06
5.80839045827663,23.47683505975123,20304903797.23039,0.004786716475014734,3.579834107393931e-06
7.786238835502824,7.457170903566103,24103246649.712883,0.0071685737628878945,2.0654536692592572e-06
4.521781085942437,47.01436930511916,21210849517.901173,0.0009122884179843166,1.3225658420099137e-05
2.4064779318549405,48.039717487971515,22307926349.57724,0.0017905174947156106,5.25205164078445e-07
2.0542611839584115,28.61527824935859,30614709985.676212,0.00527208904467264,4.110990820114879e-08
8.342484470002823,26.909665235281118,33294375957.885067,0.008242482967372832,6.184431233577334e-06
9.344693872196487,23.36448010607231,22149993073.31721,0.0024221202273924615,4.324002388001445e-05
3.0252173242087963,24.276980759828938,24370239522.815266,0.007315326474350449,1.4851361126213499e-07
7.17408836396321,48.61813437798734,27916530713.34814,0.0028326855038468294,2.1205286771623695e-05
6.028784851352385,9.731981301387068,27958855375.23836,0.004597783970752425,1.3022406215192154e-06
3.001889584700149,44.4980023916674,24707958754.21854,0.0010626146661837834,1.7920308326892087e-06
4.506064928979956,41.20994308048491,31085345853.545944,0.002210851712953667,3.2189576112491514e-06
5.228489950484717,46.07414459360165,20862597273.05592,0.0061349009233719505,3.5028798676348117e-06
6.034660425560074,45.30407312700451,25933876922.910618,0.0028953921341981046,1.0418676232181285e-05
2.085174038875312,15.693861054310615,29866893257.28693,0.008605642534097199,1.5030189907472074e-08
4.3824003603696005,38.717448726998114,32665941553.121147,0.00682930509630361,8.335315032583447e-07
8.771457267166745,11.587582838421328,26852305077.27628,0.008159644287062168,4.076297197991661e-06
2.0291840270698165,44.156591681547724,27794369430.76184,0.0007285789355762221,4.813784317536244e-07
7.120062634332356,34.23108845398721,31962565691.413185,0.006651921156030876,5.387732419598492e-06
7.08318157523482,7.7639475467075725,26539719227.527237,0.00041112665476559666,2.332184549581675e-05
3.220183086281944,30.89174026568778,30982486120.441864,0.0008896274228253771,1.5692024863185476e-06
9.908204688168244,17.43308452744932,30433064791.69538,0.005398804535578354,1.3315258453026955e-05
9.186800658051496,27.961364870669474,26828433602.341087,0.002666257375978208,3.625408355183657e-05
9.112930580374304,15.019871772670626,31630889386.755905,0.008622150655812547,4.945500411573874e-06
6.301103221498752,34.77607358114851,24412514980.82112,0.005902953698697602,4.9534045961472415e-06
9.624770415390106,25.02584915335123,27875805999.551094,0.008123752335088472,1.2348238516209334e-05
7.520472937512797,31.644355646798957,33245667304.512142,0.008104447536840814,4.8916703048161365e-06
4.2574865064490295,19.07740497501198,28439774442.403446,0.007082885470964884,4.0516771551883075e-07
8.1285951547318,47.02771805215273,25492858432.62012,0.009454070670973246,1.1092189568657358e-05
5.829322068980052,32.12884656360248,21365878041.581036,0.006715460291803712,3.366740060303798e-06
8.286182215173518,24.4880133978142,29592397241.490517,0.00351180213529472,1.4464388053459814e-05
9.072019975851344,11.906618967288997,34380902082.052666,0.0011132806704950574,2.7436031376625242e-05
8.124934738263448,47.17858410793322,21560524505.473812,0.0013240447219782304,9.377805735178553e-05
3.217815130024074,5.850630197766259,21310116996.09628,0.008710798011254498,4.399891920567567e-08
5.146698210016821,37.18667521242745,31026698054.195774,0.008514746352099329,1.285978383061708e-06
7.0067980192582295,29.182694203156643,20150810609.43049,0.008140739121052731,5.583238751522865e-06
5.610544982145948,8.2313854646555,24890284903.297226,0.009272739605343168,4.601442317481427e-07
6.940143605767553,15.700450671581873,25966467498.51274,0.006977670627916171,2.6175885938114387e-06
5.6705987599129815,13.796839320461732,34746027878.100586,0.006724302603366844,7.950265787052928e-07
5.579376387136906,20.665195331412217,20224894975.021023,0.008657387036682193,1.4891821654934647e-06
3.868203780651961,40.09421382123232,23564580570.96124,0.004646564943795964,1.0674957058400584e-06
5.05631177365482,41.63307596959655,24276867485.54375,0.008007195577400794,1.8228023261451316e-06
8.821366392468878,49.177746029961966,26307140802.978832,0.001612987854362062,9.13789358495626e-05
3.7473877249518956,48.398137935468576,34037756006.043827,0.009761441229737666,3.740305602115008e-07
7.443442813450294,33.285090926884145,33478990697.980648,0.006217741513350992,6.391148844284954e-06
4.030646809563467,48.69210507756526,20766791356.764915,0.00017373694237366206,4.63804260585884e-05
4.525417724904165,13.64262074928611,21488687382.851357,0.007763781017144933,4.4656853061267716e-07
6.665382451978542,26.661380357434776,34608912259.94384,0.002360064970927499,8.388992322991701e-06
6.69347944335987,6.96378374090509,20981579075.451866,0.009004667245938642,9.633541056078169e-07
8.954625570012746,23.037369344089342,25038973021.09706,0.008685053015324608,8.868954007212545e-06
6.6955679277173905,48.15144916266452,28788973002.32052,0.005956894127179324,7.347705984771157e-06
5.001982095839962,27.626050164590215,34419412810.81201,0.0016678212974453278,3.9225919721849755e-06
8.092833841013174,17.385336938885622,27303534880.437084,0.004821961584433354,7.375335206644702e-06
8.449704659626317,47.88624306623495,23512022049.01265,0.004191083724333382,3.225517082407983e-05
7.407637893600357,14.658980396355066,23284713500.950886,0.005488989532523794,4.49674459528473e-06
6.053797306795477,24.48757823861795,34501571284.394714,0.0014709587982640795,8.438334503740128e-06
4.338961042998984,49.35273528905776,34130086632.058533,0.006428180744332351,1.038167767385162e-06
6.264326675444842,5.687428129762996,30427959041.700733,0.005903501065123612,6.348480976494534e-07
6.837930231705442,44.79655435993116,25374954242.65121,0.002218682822770069,2.2650696599897745e-05
5.004896014300884,32.55847971819095,22436940460.792133,0.002463165645806008,4.8131110073913855e-06
4.440194750806201,14.53138064202243,24170539613.776756,0.0024024173150972864,1.2665400858002326e-06
6.541397846232626,28.571372189006247,25806670938.6852,0.0024423766955882944,1.0807058478636616e-05
5.775607816674061,33.90004682183261,33788232115.810753,0.0025291415625401264,5.747662417220359e-06
6.200348994459781,25.957082059644414,29100741393.761436,0.001025077038544406,1.674551971724235e-05
6.31744947339753,49.10781524142741,22516042175.241615,0.006730493706986033,6.720746673681761e-06
3.974758550288863,35.24639393058264,22675803213.753517,0.006117158036435416,8.258175340286767e-07
9.988988577395698,14.207104365145161,20905552717.215893,0.006153477010969773,1.4316873250197205e-05
8.543174204742499,25.6111478954456,34299497429.855766,0.0022294370406932846,2.3230678999423462e-05
7.768655203343486,46.41272942518117,22156522404.888157,0.009769257376930589,1.0169418669419048e-05
7.717955005457397,27.99191193928057,30802837078.196358,0.009772627715253886,4.296138156369225e-06
6.0747796051975085,46.35795249029055,33027990401.158867,0.007033250322434021,3.5387257512968978e-06
7.230034873389268,12.133777675116995,23340024386.47863,0.005525970703234725,3.3472372648175837e-06
6.798345238876299,38.69992310778564,23899239871.820137,0.0024671804288921395,1.8254785934502017e-05
8.691947603479065,12.057631003615647,25793413568.755657,0.0012292385877516023,2.8263384131808156e-05
7.9742335472231485,6.517658768906086,20982785014.112686,0.0038818913861508597,4.212885856387915e-06
3.7306463323480727,32.13035766187224,27979301720.42587,0.0004949439705108705,5.851911489207476e-06
4.445586313678776,29.473897966994503,21676805213.61883,0.004558077609547184,1.5171046938981512e-06
2.736176812678079,39.020529784155535,27196987381.695374,0.00466635350152133,2.2439343084562734e-07
7.084527187941281,14.143536260372203,22437266024.720932,0.006440190489225089,3.2104922292335813e-06
3.1843054079999726,43.710562152253665,25901322452.794636,0.004888640617934334,4.621404459936868e-07
8.839770137706381,9.400406056075038,34373980293.78278,0.009155558281582427,2.3748414850248644e-06
7.781513422166486,25.11739076935482,31492547586.283924,0.005934252922584021,6.416463663610947e-06
8.774768126171853,14.168352484112962,20920025906.802677,0.0071652921497176,7.296332355662042e-06
9.827264212539552,33.46180155695998,22364185489.857025,0.004063726319221065,4.471374975662721e-05
2.135511578596372,37.44099439630848,30109532599.619923,0.004373153275910993,7.700078689244115e-08
2.4279262205013854,38.45443459146927,28104437518.024506,0.002686004913341244,2.3048647761556582e-07
7.47254996093546,37.11909997332822,24834082113.413853,0.002115258557091219,2.8687978942559765e-05
4.2988150461734,25.409353341800035,33895387151.661213,0.006303608181903783,5.288075222087597e-07
6.438886903808375,25.91150094297097,22797967922.71227,0.006227045689226317,4.085040324107326e-06
9.205650939688137,34.2860572087676,29266723734.08087,0.004186496785907614,2.6166730914622927e-05
7.855716059834807,15.810053462441559,27840922602.85258,0.009700872283189417,2.9028247652091023e-06
8.941091727653845,41.94789359525831,20551626423.799107,0.0013136234514810562,0.0001292986674679991
4.8686871943788566,17.877748050311105,31544012359.102146,0.009226009230556102,4.494364218211813e-07
8.50171094713938,11.131017690942524,23008209695.684048,0.007639608417245746,4.307696209909683e-06
6.5067918456389675,16.645417852163984,26698660917.864197,0.00878735882531739,1.6559731702083934e-06
9.831420157851205,29.550861143613574,27854222196.44834,0.005824492421565089,2.215770762052712e-05
9.565663789714552,37.0640688927751,20813872638.311665,0.007048514972974197,2.7542401476587328e-05
3.4728594201712193,18.04984845628269,24964485836.01189,0.008678261743447673,1.5779955855026856e-07
3.980135814029369,33.525326336908435,30790039675.925697,0.008764976025291053,4.059218039032343e-07
6.656158434160648,25.89777570287617,27354054897.966034,0.004166597967660472,5.807544367368765e-06
9.952402644975628,30.98582560188265,25552282324.441452,0.006616495836693473,2.341293520568346e-05
2.6384235124009505,28.899272585092575,27465325845.875683,0.006716666784353023,9.884738085808014e-08
3.465521531139716,42.27487463193486,33774909003.63303,0.0012529999075809306,1.8760753944155055e-06
2.462861410023603,34.45825654149978,24106270555.003765,0.0034922887752986444,1.9608835405339168e-07
4.327026516102108,48.43167419037425,20162676728.742973,0.009576062398293549,1.1449626874447814e-06
6.837217641426589,39.11592009447242,32317055298.78337,0.008108898961464231,4.247332667294533e-06
6.304647250577157,46.77395033753023,22909162119.467594,0.009597350414047653,4.3764849846143175e-06
7.2383635511969855,43.938483420984475,33388919760.45967,0.006555253383021421,7.175522970301939e-06
4.650057690708269,45.924776466510956,34531345000.004616,0.003137534743475076,2.5805789881993436e-06
3.3543038091535538,38.85801621140876,28791704946.386047,0.0024211524599479953,9.188390956870709e-07
7.292317598802771,39.05176029910729,25182256967.127342,0.006832194484038415,8.357700869775878e-06
6.486075441899238,27.738312733162907,31331695566.99575,0.008105782162015282,2.516911686050683e-06
4.5503046978519235,32.22652671864913,23727859421.837543,0.006938389250370221,1.0926900171594356e-06
6.1579859065555835,31.244461979513243,28462699527.333363,0.0031859648930169073,6.451333884810046e-06
7.828269410335751,35.41023318538704,28843775952.771015,0.005610815703224324,1.0699229503905228e-05
3.6058879376584185,38.64330532469256,26655080061.50654,0.0050531811639150884,6.315635968996919e-07
2.584350700037784,30.329314884642795,20755029135.028545,0.006887701392253466,1.2322803205871506e-07
8.184929906960784,48.5405411918385,31730618520.024372,0.004767393775069996,1.8751831402032266e-05
5.863120893470133,46.62311073601218,30670667727.71268,0.004108701271131107,5.692822274188596e-06
8.43559810313078,34.398532580447046,22198503128.807957,0.007781350529415684,1.3129964386493026e-05
7.475523238343149,19.840211311762722,29196476247.898026,0.005506978995062754,5.017733571186237e-06
3.0976053067883678,41.17768431020642,25746632270.854538,0.0009512112409205017,2.0156151512113705e-06
6.578218089312188,39.903796847446436,27973956019.984013,0.0013835683516776544,2.5138048766745635e-05
5.467672837522895,47.665731718294204,29683680919.542225,0.007270165184115505,2.570354900601478e-06
6.531759536439237,7.840276963107529,26416572720.128952,0.00901014023264677,7.806977266768753e-07
8.08962008987799,35.379068334522714,32950683776.77415,0.007949538613461536,7.531670698610668e-06
7.111498405738579,11.558255627813494,30807138526.261124,0.0011964314552682564,1.044326646556828e-05
9.105168783211642,13.698124460646957,27669843386.40916,0.0035238457155800937,1.2572692806750416e-05
8.197986663074925,42.40818113536467,24465561085.52905,0.0015928277889787812,6.400195672802764e-05
8.814641220749003,21.98573199811265,20533375032.952286,0.0015940659656677983,5.279972262821226e-05
4.745908632004194,13.359989548180122,34810911802.42872,0.0019951503956511848,1.2706658337957555e-06
6.744564364243451,34.74241384695442,26759846014.301342,0.009283956657118638,3.7678852600798687e-06
2.4290473265950556,22.293745753710716,22314012490.1557,0.00866546633955695,5.226321457221269e-08
2.415325077565268,37.771991643755385,33213568921.040104,0.001914582184259086,2.6322156626260924e-07
6.697122864831212,40.93447489933347,30444980130.995537,0.005895923893274764,5.9732887069135966e-06
8.303644446420234,43.37352663484716,23606704803.560444,0.006842207623778553,1.662290324196214e-05
5.4774475758781875,38.564650324799466,27193895364.421494,0.004719619248086805,3.5217839563184193e-06
2.2318568001807755,29.789675355891845,20606006125.2413,0.009930476228678993,4.703335443385989e-08
3.000088802396287,11.180799755326923,20489668580.78791,0.005035587443512036,1.1430441720595951e-07
3.7322125623747135,6.310880662722665,28067077138.179348,0.003607597247660168,1.574631713673109e-07
5.393770076279449,33.71340977924862,25596613917.94023,0.005727950693724582,2.5341329087148077e-06
5.880983271414016,6.907174794432566,23046539171.440437,0.008133419516402418,5.739315656984135e-07
8.754774772602744,44.91428052114712,25066541041.14679,0.008383129524754951,1.6349427607541852e-05
4.973057667920206,29.34367529850677,27658758015.758453,0.003939541049993472,2.144711916773188e-06
9.478023346412215,24.22762329969138,21572649056.812267,0.0054633095084396675,2.1600380701446753e-05
9.541342408540228,17.377787638895025,29225578425.867477,0.0047063337513257395,1.3634064824612384e-05
7.015144394383068,20.949793353028653,20460845674.306805,0.008650536183239252,3.73248761440492e-06
7.006981474332823,46.75983779566666,32873211984.246483,0.0045206801004298485,9.876196832441019e-06
9.004806435743344,24.589042548134653,29050022727.183807,0.0035647953684198237,2.0328102611093734e-05
6.025648330181101,26.859077895951756,22089556707.34544,0.002509503588456129,8.317066692320429e-06
6.4435106664954835,19.849878756308215,24537772964.57001,0.007357984521574302,2.4677026744321696e-06
5.002139873824913,25.676649366485673,32779491343.682785,0.005533210962499523,1.1540404150623993e-06
3.6101334735712527,26.299567995611522,28026811918.159027,0.009092042162282741,2.2826813481767886e-07
7.976381716003526,40.214610410665124,28251214576.86137,0.004830420442837818,1.5531889977262172e-05
7.010847702168379,45.014502774544795,28950850159.928524,0.00014758277828216728,0.0003314182088078015
4.275776489140071,43.79197102425903,31165446725.279102,0.0022049080200872836,2.773507973690595e-06
9.561375782255745,16.057125416700032,24291254008.031246,0.00499892003486519,1.439004007443956e-05
8.391649038471938,7.071838925884269,33864692078.31825,0.005915670814268688,2.2793407709712556e-06
6.638112788054938,43.545275202928366,24676647872.287766,0.0034977869799934164,1.2754951388167805e-05
9.99629866051204,25.53724584951903,29496874281.9826,0.0032564355308278936,3.456616892805091e-05
9.580988436302285,38.458796269400494,23664464016.30453,0.007762714595213228,2.2970235057267703e-05
6.897091431031198,25.851482223395774,20600441239.98354,0.0020923013966667003,1.7672068824787327e-05
2.4046044748442856,19.949107118863132,22746889627.53487,0.00880046203252414,4.338197824549132e-08
9.779845923394664,29.097368427561843,33927865790.118603,0.008092045138921814,1.262425347376438e-05
7.243373478250535,19.72673938164498,25548486176.79211,0.0010311346883481128,2.6839661369956822e-05
9.943546179267997,27.753094356205718,24334231804.133713,0.009222951952036831,1.5740835679893254e-05
3.224049973389115,32.39774522217677,32272865568.232803,0.004864067326325971,2.9035112861865266e-07
5.801255344665031,27.485452871376296,31651130629.691704,0.001000442184217823,1.2801132098391375e-05
3.5394613491403124,19.92897419687131,22307044433.22017,0.006556401784934507,2.7846128917618305e-07
8.231202581930951,14.96283507532992,21868031936.67253,0.006550025206386989,6.243860047213591e-06
9.478215977064714,40.018757303791254,29861656757.0178,0.0032902297069741706,4.280245333069811e-05
4.373141960845049,31.75774085568847,26495253411.419514,0.009152610140577862,6.23662514807076e-07
5.331215766810456,40.17106590176186,27835158414.846714,0.002645134288004343,5.738729470896573e-06
6.210611567053326,41.62103127759717,26889751354.59601,0.009506564807954223,3.15412345926524e-06
9.094100960877427,49.972076804079535,28249780406.97676,0.00795111909630397,1.9813533304764124e-05
8.867202438168114,49.555132322046056,26577243806.260536,0.0012086694770536853,0.00012418136202375826
2.7186187566534405,28.767222124026723,25041016634.41522,0.007882850406101012,1.0365606084088879e-07
9.792493338964288,32.75637172806921,30577171715.636055,0.003867916572279651,3.316143379762297e-05
9.615531313421624,18.526448381895428,28294848383.811268,0.004799461758086803,1.5185328454305894e-05
7.869203425289821,42.796492072521325,27917135413.950306,0.008850740828878628,8.648077337417885e-06
5.613909766386395,15.829235443438076,34612111065.05699,0.005413601215557408,1.092561972675483e-06
8.790791915347882,35.06675744189468,27825679401.50242,0.002836401812884741,3.4548791327260814e-05
5.373710656934567,36.55476101683098,29648607664.398335,0.002937753877155079,4.556801720999289e-06
7.680163531185549,19.402433403617145,32883542848.876575,0.008483911151912975,3.1506643393110014e-06
6.1074112884800105,31.822371498714574,30310623900.286087,0.0019611178926530397,9.698429505773667e-06
8.125624999013418,20.903828609238,26851517011.090263,0.0005472791902192739,8.074468724224697e-05
4.763007397105966,20.778188814010292,27554495010.44509,0.004514599411080588,1.119334308945903e-06
9.437120528793791,24.52503625545268,23719953543.83536,0.0038353566046273155,2.784113018104109e-05
4.577561387452459,38.31451535954537,28748038973.05632,0.0058036734969066734,1.3128878467858337e-06
2.1816079316452237,46.27137007929183,30437306112.363632,0.005187556586548572,8.643485253294041e-08
2.738414744149283,45.826843370612536,21997937754.98291,0.0029394792362802446,5.1892340070755e-07
4.682592922290027,36.12114312131715,25326396880.971138,0.0012613961881224067,7.078169538998356e-06
2.907350126773271,7.0297891748067265,33468193660.722042,0.009845965315646217,1.9846313643235995e-08
6.976582376161315,18.993246221587725,34116330753.23663,0.0004337150939802232,3.959515356849988e-05
4.239194920212277,27.460805297257572,34833874648.61856,0.007512176665276778,4.412838320097064e-07
2.3044955728603167,5.533760127286883,26316912384.245136,0.002849752804280395,2.7096955495305947e-08
8.1509109833816,33.41882543864965,30293429847.32151,0.009625539642838167,6.586899364824287e-06
4.202996515426353,42.10975383854272,29320869403.44456,0.009999058225406074,5.836085711433314e-07
3.0216628609253453,19.486044176545477,25510299772.93191,0.006142019979122725,1.3499562776329786e-07
5.5947668280324745,47.869879418762324,32698098679.227486,0.0029565043973050725,6.317249780873091e-06
7.178598779146217,14.16898330478108,23042452998.5296,0.0033993118192241468,6.254843919114727e-06
7.609493243185195,40.34638963915585,22540177098.0457,0.00224592545115646,3.479475161930313e-05
5.608470654289113,27.297961264670633,33480658089.25817,0.0045788828776830845,2.2939992926955953e-06
9.10797553608271,18.77186166245088,30326178011.73642,0.004714630259604245,1.176435787996603e-05
3.6691498986682882,7.8387052897238405,33724197811.232864,0.009100815657593521,6.027302518248344e-08
2.0151311643264362,8.237149395144334,28695690212.41295,0.009684256967746373,6.364232261575626e-09
6.655469726423941,37.78248745530369,24050156109.596268,0.006148816145749647,6.52731796240004e-06
7.186059793567769,46.379256173487036,24002207964.211338,0.004638450424447611,1.4464444245355526e-05
8.715361226210897,5.233916680173886,23134239071.52092,0.0005475236543656525,3.104195372055947e-05
3.082673455392454,41.46147824147161,28046398420.210506,0.0018457475985170387,9.41768677142675e-07
8.159615148209832,34.0031099841502,20462507563.799015,0.009126959437548442,1.0508752142871233e-05
4.611852640287366,22.850868034883057,21277203843.767006,0.007968769588591633,7.938479847183103e-07
6.2115361380668,10.180201170497632,20754630620.99476,0.0018227826211855065,5.216044854463935e-06
6.616746096957084,20.28527871004998,34176590113.55046,0.005913241523990297,2.505205120571051e-06
3.6292083511167554,44.89078666597797,32309280829.050156,0.00687905165674447,4.5623409791104126e-07
2.07696129711697,14.263078259481892,31041702324.767708,0.007774688881424572,1.431980524508875e-08
9.79128714398804,7.228907060758896,28356357748.491608,0.0027804978007731486,1.097229730631949e-05
8.583611207502631,38.59367938214473,34987196998.47517,0.004775548392165749,1.632686179624814e-05
3.433480601156134,13.37496993204453,26315183820.13032,0.009719536834828181,9.462763986395021e-08
7.896043687730315,42.747201611524225,29252032737.395287,0.00274448666677949,2.695053951735747e-05
3.2106035985937424,9.997605940598653,21689251555.525913,0.00013638690743706796,4.675890148807376e-06
2.3052617487234937,24.811328952179526,26193581945.896164,0.009096383331719545,3.8291831347512113e-08
4.672851822846488,15.982636303623764,30521957467.55347,0.004970819001431652,6.53995715128983e-07
3.7173024316135654,6.645079039536656,32989242037.83286,0.0072906207156775696,6.869318790902092e-08
7.067078411319947,22.27790557233524,23212835177.573963,0.007030566686923267,4.4335770353733256e-06
9.000042195951536,29.535443130305048,33921834857.57189,0.009470298378972895,7.854480312765394e-06
9.27149997124615,19.69084930805846,20941186987.183475,0.00566233630435664,1.597740629350528e-05
9.49054292969601,29.168748719329137,27856529727.221405,0.001660063497460378,6.662989034677226e-05
4.965622238600568,11.593991237176361,24624574580.70971,0.007998070350458072,4.6602852612234814e-07
9.954299446608031,19.987416523563724,28973425401.0203,0.0011871697173046723,7.428918509363074e-05
5.237133825175728,10.016566873005917,32769855680.96927,0.00012685786162959297,2.3601545678401323e-05
9.060250557973612,6.479157033486157,20529220209.981487,0.002296170265789991,1.2059840841584098e-05
4.720687568020476,26.853992315443033,27350549871.187214,0.0012137147825347428,5.231015050844644e-06
3.1873819569827155,11.458076681492118,26651956081.5451,0.008068801583603322,7.160590184111102e-08
9.675896356601033,45.35805771687403,24551368999.91506,0.008995417330713686,2.3440184730023693e-05
9.53523591424149,20.761313156456453,24973379011.348682,0.004810781068382496,1.8600579195850323e-05
6.153479377887074,38.23903939006229,24579058340.961323,0.009712018341210273,2.9905703097824933e-06
9.352143138832645,44.029736931226275,26521467155.29378,0.008330134017636976,1.9850887030834694e-05
5.456760858667937,33.349383198553454,26002385225.32574,0.008354137478176824,1.772358063183808e-06
8.011236141092242,17.682416932966486,33701702689.93614,0.0007578412616900863,3.7132009197769556e-05
9.442356653846295,6.276415031162858,23504900299.684383,0.0033244388954198306,8.313717580841325e-06
3.9965804816035178,6.325297941348855,22716497305.69245,0.00027734203758237696,3.3351621205227617e-06
2.7293704548609075,35.53947944794105,26431352778.07981,0.008910885239057533,1.0903339743167452e-07
2.2802009764949904,29.508407342060746,25244461940.008846,0.0011098684071664704,3.707143960352079e-07
8.702685183706391,49.7829508232106,29489456829.915287,0.005020094395516872,2.511619533194054e-05
3.3827246257439656,41.8349017111128,24489334144.303127,0.00039754092752569865,7.326309970929871e-06
2.8350811979840396,37.47189611086677,34606378398.36102,0.0037638688153105587,2.4200025634499107e-07
4.194279431992821,31.056628957747357,24061721515.226074,0.001612059004815764,3.2263754650269936e-06
5.8473664442806585,22.597728237941308,33906770985.459976,0.003113651602768164,3.258279657128079e-06
8.614780802024633,48.48797890327494,30993709265.542282,0.006944030468567229,1.6157144745135712e-05
2.0485976795701157,19.386387274890588,23674143903.488266,0.009078772194803481,2.068525923534856e-08
7.546525092706731,21.502608052220747,34805435717.76074,0.007809097643656884,3.3409507400046836e-06
2.057517281480477,22.928950505625167,20266570748.023663,0.0036717263728973104,7.190288981645748e-08
3.0751418370263046,14.620617107738658,20931915272.13731,0.005163340692649268,1.5751624164761439e-07
3.0013762914448714,11.564059554394607,31199150984.01255,0.008267024412654301,4.7373873293603186e-08
8.461892608951572,46.366390503106196,32427977096.674767,0.008191934603481933,1.1652142082315824e-05
3.310799436628958,17.41636699656319,22470446302.552746,0.0061341951181875225,1.9767809794789973e-07
6.3384232168755945,20.08854899596161,33796031924.562653,0.007620400192515152,1.6393390808949752e-06
5.822816308563874,35.308587478515975,28771211337.777683,0.0057729561639839055,3.1819626373345345e-06
9.308593894022383,45.37792593971538,23277594150.181873,0.007007326885517797,2.7197518926345447e-05
8.18178709541847,15.645618199139422,30312763581.1582,0.008149459854263871,3.695471418326539e-06
3.4207783729417,9.895466593820684,33747527519.5363,0.0023237622316549297,2.2497857376289458e-07
9.969226178258806,21.528237941003535,28468839226.566223,0.00210618283280819,4.617716148999128e-05
5.028822311473347,47.80674476455131,27598070766.66595,0.0014126182489906716,1.0211500868808047e-05
4.77180308733174,11.479320340838514,22240152604.651554,0.000425388342302814,8.191466581694554e-06
2.701745165145307,9.86599013367137,30362241709.531147,0.009631422141384387,2.3406298381648257e-08
8.395500946114314,32.21375593825589,30520994202.571465,0.007473523684934758,9.135714352741538e-06
4.060663401230525,44.81903694126858,24207866518.842297,0.006582104178154026,9.95790542540818e-07
8.33968571276468,42.45241769192118,34774178338.012955,0.0029454225390331025,2.6105707199486504e-05
7.687718284355358,8.110407238536988,24470904480.252357,0.002887443147131497,5.220448537409215e-06
2.1618409267777343,18.359746648790733,22549987526.865948,0.004690494593466518,4.936685445769527e-08
7.089001222745104,23.622163978182712,27340652389.6822,0.0016058876183776436,1.769190676543739e-05
4.891302999394994,21.807812595670335,34984928972.727615,0.008203721996280462,5.663139006533485e-07
4.646268110922963,20.639295588944627,26996418105.297924,0.006309676125631091,7.352541856561311e-07
4.294798257958376,32.983020538571864,20984388242.522705,0.0026010015151481537,2.6770923951689024e-06
2.098734773042648,34.33409301748646,27515232222.908848,0.006471858665287394,4.870711263438771e-08
5.745550039283221,43.015951912630676,24562639167.28169,0.001272528612843352,1.9527748756249e-05
8.273712443737598,44.3635127603485,25317476743.873875,0.004407435095093087,2.4258282679980247e-05
3.2133180375303114,19.352449776197666,25373154902.224472,0.004746232913725263,2.2308278571407967e-07
8.022026743918651,14.140768543783645,34644698787.09903,0.00731774588162459,3.0076971343481013e-06
3.263869493248248,30.87076758924605,24447978998.356464,0.0017127369793651722,1.0893908165318321e-06
4.557298114343345,28.701716995392186,28234068423.036785,0.0035780442167510423,1.595722052242947e-06
3.2503826010339036,36.720741163325194,32540428972.577663,0.005685914220112124,2.8844603888720655e-07
4.921402967709643,25.909808762388874,30991560771.194656,0.0014787554032802406,4.318360570394682e-06
9.696370735439727,44.4135920054538,24293327317.43382,0.004714193772889356,4.4637215555792386e-05
2.628838668656754,6.614718324968829,27028849609.306934,0.008317101790179235,1.829811253313118e-08
6.270374140406577,16.392408215670383,34164662038.877148,0.003040439658079482,3.176448681304122e-06
6.791983917247323,17.27267614055758,21201206953.253345,0.0036285077488984077,6.22151804867596e-06
7.207413469403578,26.135905230430467,21896020408.842358,0.009386571629577987,4.468089738531653e-06
5.120370119771301,35.54734667234238,27613112967.43447,0.00839834468416364,1.3719627601697693e-06
9.954734304864791,11.608785755661422,22573554720.30767,0.00886638547449342,7.4164778779765224e-06
4.666231287153773,23.091947358353533,33712443229.061646,0.009948668507476433,4.2501983224955534e-07
2.191878813944877,29.000397496602904,31374146681.537766,0.00850117048665715,3.267820837767979e-08
8.582173889633935,5.174588181096019,24894666609.191948,0.004573411007567529,3.2103860847024937e-06
4.672640946985268,34.555020129752556,29176657516.313816,0.006533529235703102,1.1251649518167332e-06
3.3198152826643756,29.592576874620715,28444146954.882996,0.009220313748197831,1.784590721779513e-07
5.070969519511219,41.56067313032406,31993868261.29133,0.006213564599341162,1.8000218762688627e-06
3.906010756565811,47.28993236041236,28126334788.712082,0.0024894891276570656,2.046999972109358e-06
7.345143782283202,25.334178543694957,28286414352.474594,0.005093378607054562,6.664429138481405e-06
6.335176467211495,17.083718212316157,20621936074.56086,0.0007663067563258842,2.267378140209283e-05
7.5314594707444344,9.21547062391486,20614966152.3921,0.0015357540131639195,1.219462886792724e-05
4.789216347479601,34.93662008073503,28678939484.0712,0.0029965486327921936,2.7847939967830737e-06
3.4685851189176278,44.533301417488275,22410717046.90038,0.005281634437941792,7.091024848147329e-07
6.119433908854998,32.57830599113301,27738318449.113213,0.00641506372961659,3.342959905559919e-06
4.2615826337872695,40.66169451684358,26505744082.02577,0.008549021741110349,7.706398934854756e-07
8.75385762508742,44.48047779734319,21682247962.94372,0.00997485189159823,1.5725170984721464e-05
9.283367315073955,42.042158176094425,31428088901.273006,0.00043471004710170924,0.0002975968083046709
7.18474337032808,36.291052911164485,25354162404.518875,0.009148559880767763,5.428519308462389e-06
7.020898340725473,45.35675312976231,20935950845.023464,0.00047614767231991703,0.00014395180710409983
6.2735284256944,22.96001707082937,23089187461.869183,0.005017962139523304,3.996892218802875e-06
9.516779528514421,28.544292250999096,34740903590.56367,0.002678291875000667,3.2765671935416645e-05
9.701275877277215,26.566928176614326,31692726600.553383,0.00019853974251362108,0.00048695461114338075
2.6445116575982457,23.658899683268267,21087182299.384373,0.00039227439273533836,1.82140596600553e-06
3.2809999424511718,20.941619165312986,32183218117.654964,0.00697046433131113,1.4085839990000114e-07
6.6044345491110885,18.041288457357773,31076212959.08856,0.005755017555105428,2.499045429703547e-06
6.524250731188515,31.543688160566454,34162336193.220398,0.004884992128452695,4.459255860391901e-06
6.9289451716989685,8.502967866250106,27216875063.835377,0.007558401272688501,1.240536687458961e-06
5.334940409358499,15.780700485313602,31741838641.86894,0.0074795045168848965,7.010975343189717e-07
2.498659916665262,26.453129786584615,30016814062.835308,0.0005006221792983077,8.934489873927216e-07
7.0542992660164225,38.20195545334167,28827651315.782253,0.006613762920269351,6.4607362202365275e-06
8.6103881161497,44.507897579880826,21023426194.897312,0.0029673797186943775,5.106109838702164e-05
2.1551943524715202,5.013802738249472,28630209271.08889,0.0019499792463609777,2.5228839440007952e-08
6.205458806788909,42.97129669572987,31545623501.37301,0.001680482890603886,1.565091080061389e-05
8.639814455487583,5.045623781401952,25112063080.743553,0.00262547797083726,5.552397322487884e-06
3.10670564934279,24.80239997750093,28968536855.96087,0.00040488688256791114,2.564913056338947e-06
4.4880938169495,31.340372894031624,24084907536.40326,0.0017797103888747287,3.862747561119696e-06
6.951033338151097,46.89671431491185,24008914947.1091,0.003636698413154239,1.6326716881516507e-05
3.6516332959437348,35.23023702588587,31803915119.02924,0.008933321643972855,2.8708428626372475e-07
2.3538215644733347,45.22842210710939,28581151888.17984,0.0033134729535844874,1.9088913412821227e-07
4.953027277475481,8.858398865337998,26040822690.87059,0.009357942141436123,2.8486679804459524e-07
2.5464978057324386,9.322044985890031,20436140614.772842,0.0023973764855561536,1.0418089306197211e-07
2.497111151694069,18.516469173817562,32150641486.780884,0.0010937869139738333,2.665790937581598e-07
6.999136100287648,49.95329117933845,20768524250.74903,0.008128443691586783,9.246291944016824e-06
6.9145486718971645,27.730770494446254,23258274483.30665,0.004085339339958044,8.686612345393117e-06
9.701430796415636,26.8655646123552,21121415871.63109,0.0020448373938218092,7.174573783277454e-05
4.830821772977992,22.58873600842093,24532273877.464577,0.005238742397021164,1.2463784229925703e-06
8.146559405790782,13.923040666750186,28464996249.456898,0.000275590013069095,0.00010178767171505678
7.894891136821047,22.816357681767993,34187950813.48643,0.007446879472628082,4.533381673052394e-06
3.8303496743504875,40.26022095746718,28890817462.75688,0.007440583025209229,5.249305244097772e-07
8.92660008516415,17.613861602350458,28352240026.92029,0.006682675144276087,7.68599234293923e-06
7.022746113868436,16.50891900808233,34673318543.20955,0.007355727247521608,2.050049099459395e-06
6.561374506752485,13.793675142723822,27041080585.58314,0.006099944888292672,2.018125302795822e-06
4.244230989631277,42.7424265855371,31996495027.937176,0.004548154336092195,1.2409560534791058e-06
2.683070902329982,38.47667304544114,31670728915.266228,0.008102909534727936,1.0117328266931504e-07
4.187756795598651,26.769111763633152,28171018186.242252,0.004471766735675801,8.509751225011327e-07
8.123773725410183,7.108717320148531,31869653441.262753,0.0029375982499840166,4.306173820978533e-06
5.012103399735522,39.68979185125229,21076164201.694427,0.006354811649800776,2.435025045104636e-06
8.06259377888767,14.768472639021544,32651879743.848083,0.0006269445547805053,3.9695031969587614e-05
4.075231968063203,10.71507981062367,22872262865.62633,0.003336143476445144,5.043008200875527e-07
4.341639846445868,19.798446273460236,32482424193.040306,0.002112013660055782,1.3351802840742753e-06
6.1339156385755915,21.68399774616503,23378030654.817184,0.005872596699333032,2.911328607144754e-06
5.961323697093977,44.12006736257457,32501549227.183353,0.009791432106024471,2.2797933637088835e-06
4.191990735105917,26.396122932983964,31103611449.256298,0.0024242143824645583,1.4075970152522677e-06
3.487888933210943,29.20742235680362,29883508548.747787,0.0012467187812042872,1.5107148953800215e-06
8.790018970816954,18.59138904318844,29615151669.262917,0.0003087487071999206,0.0001580486387055846
8.97062563072576,36.78726936801931,24141921438.098385,0.0059335792958461345,2.165402731800117e-05
7.677534458490057,27.90672211314775,32884121443.200455,0.0070297512862780645,5.461456788354921e-06
6.119588206267821,38.51785311796096,27020799114.42648,0.0051332479593527245,5.07106546027975e-06
3.7689516943098447,36.275283975066245,33710292807.870865,0.009603447057931333,2.944029886905171e-07
2.35416408089746,27.44962705689395,31368836024.435944,0.008256269632513429,4.238770204919259e-08
5.205769098765768,12.553899413644757,28903800626.29688,0.006629114396521662,6.265367682740728e-07
6.232707521753005,15.224904085500327,28677075683.753494,0.002581361128538348,4.041259205604422e-06
5.708051178841017,29.73208595989594,31132578040.507507,0.0004143900544681339,3.185599570922781e-05
8.543912777737724,11.26310861316908,34859465860.34843,0.00017282796425540002,0.00012971480106005858
9.408489844157444,46.64997438384427,21571654179.711338,0.0024560801358960507,8.98346519059165e-05
5.430305715217363,44.777791685920974,21464917278.020485,0.0006659852375672818,3.54653908644439e-05
9.965513486301916,34.192565640236495,20264659179.59482,0.006174987114580047,3.5090845660267294e-05
5.991027696549519,48.42839930509569,27140536556.22385,0.005539739806319539,5.403017917236572e-06
3.5199341410694505,47.69790995371587,29549682433.345436,0.004223894924627684,7.638539989021012e-07
2.14014474265045,8.267741519012153,21006076817.329643,0.0004386794444040988,2.450789566893875e-07
6.108796685953906,42.19649318207406,23297462907.157032,0.006825973086688029,4.811324217956037e-06
9.923672879687105,19.3930552242514,20406570290.952305,0.0009342883582876041,0.000128446956109476
6.928871879775421,26.7184548237264,29587979220.826565,0.005669431419570077,4.780192994605147e-06
4.70541703304696,5.010857097044383,20286321479.879303,0.00020473522012639633,7.701005172282241e-06
6.864942013774772,43.669227237487824,34133861059.615448,0.005178838742866074,7.1440416031432205e-06
4.26628798690268,5.312199055448954,20839634116.714024,0.0026057739857736394,4.2197523082986876e-07
7.545413262304449,10.044894482182578,31533623078.715034,0.003729922960859929,3.604479411753258e-06
9.080474916686267,11.882010046005734,24749560716.29796,0.004813361474250266,8.829720877290857e-06
3.5432027454646757,21.767737341203187,26228052492.629875,0.002945124853143606,5.783174925441838e-07
2.781640946662736,46.7227440538084,28159704328.22772,0.0035785186510056523,3.614431748471925e-07
4.713565689301904,18.528423136333267,22499854917.60628,0.006454966253756683,8.199772474642211e-07
8.43597306850177,8.425512622797946,21270818141.743675,0.006738425612776522,3.8764413627818815e-06
6.899748511609029,15.930861182727627,34493893656.58689,0.006720580497584945,2.027972547379988e-06
8.318669296724504,19.505269279576325,25517355004.789288,0.006863395397802582,6.9443482758057634e-06
9.233794350754684,12.402702973008155,29706222622.24577,0.002561245465394099,1.543040343817961e-05
7.557668421472229,24.722971119302105,24824003709.564327,0.003798129581798038,1.1139076152061107e-05
2.1872067598400795,6.561473392944144,21673464130.08103,0.0022138277379021663,4.074997568850865e-08
8.479589369713842,28.996163622685295,28798962821.693764,0.0012132081585518367,5.586842642933723e-05
4.036746455388166,15.814047119626393,32650619833.93749,0.008842283171154939,1.8938773481377726e-07
2.0541486919495915,26.210713365941174,23704335167.16674,0.008937664735184462,2.8680934092272235e-08
4.322736619838698,33.359089319327424,31845657309.02181,0.005888232746442848,8.088218618397227e-07
7.47320498827114,41.77068649350661,32701422619.156635,0.005497668036147062,9.436106071572889e-06
2.6210634147987992,28.605450597065136,26954570406.095287,0.0032856901049435764,1.9849001880103846e-07
7.449085787479987,20.454833017581187,30918475191.986973,0.005492539726819205,4.828979341244922e-06
9.63298698293774,8.220560174881204,26450989158.20949,0.00020728481694587587,0.0001681026951938031
4.095497813429798,23.432559235483225,21964545230.782413,0.008698304113471242,4.4929180147214674e-07
5.082332122555815,21.632962160652863,33085382991.219727,0.008021676967755706,7.081179505340446e-07
4.170387738894592,49.18329084997994,22787948888.856876,0.003165866489008881,2.685123538434871e-06
7.494121169890125,19.392400841431083,30688709812.57068,0.002611619142892737,9.937215970242368e-06
6.7056034763124055,48.95830616723438,22338064210.26246,0.0007017402588087093,8.22232635966471e-05
2.54586270026323,42.89285347903581,32376761795.088,0.006596261799400451,1.0985816427219918e-07
4.122100613559303,23.715598081338964,23484972815.675926,0.005640441079219337,6.73044972802006e-07
4.237179969270698,22.06777138247084,28744865602.578182,0.003228118513613406,9.981484696867163e-07
5.422811449554689,10.704988418362426,23358179967.605225,0.009018472149926716,5.722041857394832e-07
5.052419798254134,17.381880051290956,25510269587.7975,0.008624916097100024,6.702908864405778e-07
6.002434612410275,49.102872949965644,22696515191.236725,0.005822887569934805,6.279974036527807e-06
3.276511999684306,15.333163140538371,23814238824.43292,0.009061914990064748,1.066254554609517e-07
9.352235012266018,41.38216595842643,28796688949.78375,0.0025367278237411685,5.642833252962073e-05
9.590954953915965,16.579136094306143,23294739477.31036,0.008527084912335342,9.195802516092872e-06
9.010520575616045,8.441395489702003,20288162955.40764,0.004747021722746166,7.52295761973027e-06
4.767028840675237,19.040297596246138,32633352959.792625,0.005828259635592463,6.731363462784927e-07
9.45849979907532,20.711932349029958,24738925817.165886,0.005430012638408672,1.606818250839486e-05
3.619667398928333,5.932978999227476,34104963272.758717,0.007027486145768932,5.5331019432513225e-08
7.3523393303402,15.960970997872487,20578626599.826756,0.008856128946705268,3.3322681412041e-06
4.5878351971308575,42.8299633245492,23683919828.450485,0.00499237359506649,2.0895706439570145e-06
6.205906937391375,29.860845045064693,23749143288.61426,0.006497777787651673,3.7372237977062343e-06
6.837859528606653,28.63356704060582,26696063726.357006,0.005960464054072598,5.122330888739743e-06
5.683995384449843,29.145820326501042,33690282277.364765,0.00018438074934030177,6.376901433427149e-05
4.107685632635374,24.446061262354498,29868036752.297905,0.007703198346646221,3.9387527024292516e-07
9.391032269369337,8.388985880572942,20584041165.82687,0.008762551442366137,4.710210893601544e-06
8.918821026123661,18.120122680657264,29132440041.77847,0.001982208823736008,2.58525533750554e-05
6.657686931615076,34.368405934180814,27445837601.517982,0.008452533530941686,3.789904395523949e-06
2.9560951062160115,48.15807565527669,25329208153.85401,0.002804907374139809,6.739712597939048e-07
8.0165025945049,16.60465911428872,29445762235.02923,0.008856443246256918,3.4239416038665225e-06
2.023561016011236,33.11144112376357,31694864630.714745,0.009125593045984084,2.4993787941767276e-08
4.295633936660789,31.985025599164718,30369539439.934868,0.00442360975057763,1.0555517477759515e-06
9.380235935353237,35.69955199807852,25999431702.531994,0.009509165368214655,1.45562779251526e-05
3.661192474171175,26.281475639694268,33745081290.817253,0.008516888661299321,2.1393769947310023e-07
5.000548390197525,28.80096424834122,28938635310.67289,0.007145006959863168,1.1340589809418688e-06
4.734175325877058,47.53712121129397,28380506966.273937,0.0019526887587789888,5.610425928661912e-06
9.780386615168311,14.411220996917484,32798821643.54979,0.007528879890798816,6.953044975822995e-06
4.636104274084098,21.5511217915656,26215350852.104088,0.008825406158526937,5.603134752039882e-07
2.335704444341226,7.818659094364482,24605677027.003872,0.0031036282492634534,3.967688700726861e-08
7.180400139146029,47.579490539492234,30248169797.714428,0.0035302122566655994,1.5422445115873677e-05
8.73142199744717,35.29855297781181,23704467572.27674,0.00602984333633511,1.8689572297103828e-05
4.134558182898201,10.978723617821007,20669455553.915295,0.004140838422681969,4.8807857254206e-07
7.349723827441631,15.857589645690991,31882001230.552498,0.0021232134723212855,8.90063109673987e-06
3.207355627499739,7.535316559751118,32194193335.814205,0.00246950121324051,1.3059963301878498e-07
8.94455174223781,18.389713744542593,22595431229.526573,0.005846083672496402,1.1602789431899979e-05
7.756013405575431,21.652433941362055,26490362684.698578,0.001091578685977462,3.528228916398778e-05
4.611450855689236,44.58540638634029,21690212542.249065,0.0033815340398643252,3.5793509061088467e-06
5.498668540763896,27.196101882227467,30885447702.48518,0.004656634201069334,2.2508656822901894e-06
9.127266400884322,44.92536607549545,21911566178.849434,0.00684564545987407,2.706484145016685e-05
8.248367594697282,17.855476636800574,32219812414.28645,0.006816159720710447,4.900264146320856e-06
5.812020676777541,47.667903456878626,20074195893.993694,0.008090687266737905,4.360636255768703e-06
2.4724080145485985,20.61867461286335,20277431840.6097,0.0015360456245038258,3.2207946049656384e-07
4.9484180091648495,5.105705670010644,21968047160.55004,0.00297406427146878,6.101242243287026e-07
7.326195445043804,29.204463758267245,23951439909.662823,0.0022306048158172685,2.050443255325584e-05
5.528687002969845,44.63494159721736,30012011844.22183,0.0034154732425280407,5.297314645146093e-06
9.60625453921411,5.6263279022088595,21249146415.791004,0.0026098249605462196,1.1249346913720985e-05
7.698044136349508,15.05795180041062,29600251559.89611,0.008301287156099454,2.8021116170076537e-06
7.985173216031122,40.41317696847854,22193672842.99135,0.002493783543600672,3.865549185197991e-05
3.464642652369558,9.452713368253448,21109180726.020046,0.005300280050128175,1.5851080235506698e-07
9.430230380659006,22.623464589457374,30655726677.43133,0.0019110966526544517,3.976425386304157e-05
3.053377097038328,28.77950234172616,20472214126.583195,0.009787626273859255,1.625554898188975e-07
4.452910111406073,25.26414431415138,23988854244.33421,0.00897081046694185,6.010047438537873e-07
2.2571130844645007,24.354167339941583,25627155349.326977,0.006154275139552304,5.2185281358543945e-08
5.551648782687752,34.12717307096234,33145737091.721245,0.002763200600182494,4.608790130575782e-06
5.655570329667465,29.5294090309921,23885642281.708103,0.008935102891398417,1.843158499654379e-06
3.1079447639725366,14.177093520028045,34560696625.93445,0.007165235493775615,6.955145096814445e-08
5.378960546532067,6.11568451913473,28568963329.250515,0.003641137699227293,6.408342345428651e-07
2.6503057822590907,46.88708347612298,23745989220.93203,0.00040125910402299963,3.161264031432018e-06
8.123993736653922,49.63190129331923,34832611971.647125,0.0003271487496689801,0.00024702829755213565
7.551832451374758,14.81938609506137,27670622329.810486,0.0026480212535379224,8.565209369021469e-06
3.0150774172059362,9.450630367366053,21059363351.608482,0.00548315952306049,8.80678329300981e-08
7.796203443526958,5.145404617718616,26554277708.538624,0.0016095644628440907,5.790927111211016e-06
5.258272895688271,36.47689124971575,32250045864.110165,0.0072343328195566495,1.5563248897009774e-06
2.7147092906602444,44.5193039618095,32318702265.442154,0.0019197816045534763,5.074283447219306e-07
8.017502704585779,30.577189646918747,34107410421.100677,0.004274481210082433,1.1283936869081671e-05
8.086570040239849,24.40298313388097,23197968340.193848,0.008235329474625018,7.11226908431514e-06
8.161876173004902,26.193915974029725,31272162037.372093,0.006941502667930793,6.9724886165220695e-06
8.364799422814837,26.97815893982727,20962273222.78337,0.0003348035625538561,0.00024504439178369634
5.880154218642052,48.36645464885303,33746697802.36797,0.008639843327344203,2.5822646507674357e-06
8.235908940900488,20.619778464075708,26307823813.36568,0.005772326308112495,8.134542296094093e-06
4.961131722795184,26.878751382762022,25920508949.709106,0.0007580792708822155,1.0789784150827228e-05
4.238843749068963,17.35997912920932,23608654199.75046,0.009275518118080828,3.332484988141385e-07
7.0532858441688555,41.87410613050701,28185741560.629574,0.003092844134433616,1.547970814442537e-05
8.254512479675554,37.266339327160566,21345207544.83924,0.0039877670017366956,2.64661683489594e-05
5.441899452064697,28.5147077932319,30785889462.72698,0.00820315356527372,1.2893689600204761e-06
3.8708051256885767,17.4431188805478,30088565909.482437,0.004224789529440371,4.0110823979661785e-07
5.294256390551756,23.35616779710088,23331726767.949,0.0006697819190089574,1.5289030371900882e-05
2.596630417311398,42.92456219159413,31015018576.222412,0.00735959971835162,1.1131635451065086e-07
9.668749025519904,46.48894555149939,28895857613.355476,0.005668630570504233,3.2296531353782985e-05
5.41299301138627,20.770452296601555,25813625362.57585,0.0037195259429296805,2.41823222585763e-06
8.43447125629179,32.79440841062235,20077768299.94859,0.009375373546087157,1.1480637714467188e-05
9.079766716203395,36.45048918260559,33069596975.952606,0.002652288863594689,3.677826003033322e-05
4.490149307080634,37.52041277467825,26502814896.93553,0.004783874061591104,1.5663101994857166e-06
2.378872204138327,41.66361434727039,20617955607.54296,0.0015013664780411384,5.612390164294403e-07
3.9051427853047587,46.65934222538475,25513113077.879944,0.0003661221304647785,1.5126401665385076e-05
7.648842097329555,43.93647583568129,33681486854.20776,0.00657172613141772,8.84659344650288e-06
3.952331719087698,23.349872644001792,34103352065.423847,0.009728741537577001,2.2360582507827402e-07
8.832305447339914,14.471380165646458,32306354448.881145,0.003428193828907632,1.0353608274266912e-05
6.304854268326393,33.90540785843739,21785811647.299324,0.004798770375678371,6.672740718711423e-06
8.380863497828662,11.39867475882197,27042507779.128445,0.0003930550280055105,6.888868445883955e-05
9.02705861004409,43.10919024624695,24267332282.436234,0.006637997947941393,2.3138464940251725e-05
4.797717468226773,32.64377700821417,33856967648.22604,0.00282560892122699,2.354061193480166e-06
4.94852116255732,47.58730520757246,24050933937.978363,0.003826278785623605,4.03759788571231e-06
7.295872219869467,44.88018763209628,24099345081.3445,0.0033597590669679576,2.044979436950723e-05
5.7065633125641435,32.87053503227388,28378199319.65484,0.002485499717968342,6.434955680661467e-06
6.4666042069747895,48.79162521969515,22304791670.90957,0.00494536743721841,1.0071460415241425e-05
2.9875828013793155,47.047452335034485,31856596835.791462,0.003168970833759355,4.834338675746648e-07
4.325141565754699,5.772084883364264,26160382434.69899,0.005548136008920707,1.8120976996855912e-07
7.058747616213443,16.772351266701843,25784682313.98772,0.0037577480164780524,5.595693347201047e-06
6.448702119881503,11.937276711315992,28851099539.564743,0.0057771284623766754,1.6127197800013563e-06
8.312606062873808,46.50478994947541,30086170144.796925,0.0033651938962720525,2.8556716224340658e-05
7.890766410652057,31.352103579639046,32149897405.484856,0.007715435242268796,6.380316052064108e-06
4.476815319118117,30.33808342256286,33951606514.91488,0.00713412007359671,6.550929011389703e-07
7.275847750174146,14.065619253073288,32714697932.602535,0.008754553201988728,1.7920707321277727e-06
6.285425213332415,39.654255859733546,28452170192.08496,0.0029673375247045945,9.545196893720687e-06
6.429188634472625,29.039515195640938,29157637201.08786,0.003849570809019572,5.755567803536377e-06
3.260583257557892,37.72969676187709,27462151511.29715,0.0025796955678408324,7.837909690129193e-07
6.214177482300716,11.561707365019545,20277872958.328083,0.009602496092280224,1.1528925362060834e-06
7.102074102474261,7.731090242139362,29962733179.733776,0.00159003189701258,5.375675646033655e-06
9.250076095236192,31.66990241319482,21120588455.126858,0.0026083654877151747,5.4801477479145035e-05
8.731718270598007,42.7495594155956,20885082935.81281,0.00289902026763115,5.344189214626381e-05
7.692769416298588,43.28259324325009,31134351625.951874,0.0019819118882690575,3.198591249483635e-05
2.36203632985978,38.44424768481278,34466640242.788666,0.00830740040741857,5.441922397752273e-08
8.564442300050745,23.16456671463092,21012080972.861942,0.004122443229917729,1.8734217717490595e-05
6.793281803680506,14.719162766484443,31760631718.37431,0.004335328232575779,2.964348738437916e-06
5.260010878230418,32.85315048464437,26096428103.481056,0.00043360767955489513,2.893905456648631e-05
8.043389997104214,29.6300178175523,26971595280.92056,0.005386286315123187,1.1115554437312104e-05
6.430652303756317,36.042946934090686,27824841994.569614,0.008156835931361855,3.536101746875711e-06
5.311179235651579,30.179733880300738,20643168018.81582,0.005005715062038319,3.026046132667789e-06
4.986504508547375,15.873137130674873,34544294831.207375,0.006418849402238057,5.763056723945904e-07
3.968235948395373,32.39449599053417,24435740327.997868,0.0009959967896410813,4.297506237688372e-06
7.048678043253738,22.47683261193247,30336399462.938065,0.0006737808166424066,3.5344505623892364e-05
5.123284271530584,16.741824204514117,28775753758.53273,0.003395761209642026,1.5369916971264348e-06
3.3850944589140317,23.360478317423336,22095146206.442932,0.007044768896315993,2.565901899012072e-07
7.787114623222303,44.25151719800714,25976195753.028465,0.007491348661759405,1.0887737862368494e-05
6.018078723898238,39.438389624305564,30083000157.42723,0.004840292789389787,4.625904178323193e-06
3.3152041332309317,37.629132130937094,26376576877.219395,0.00160599141384424,1.3971480566370397e-06
9.535300322603284,10.025743140679793,26660270813.721584,0.0018080633555257362,2.2387966951083274e-05
8.317282113614748,42.68557271034328,34716367583.36912,0.0076277985611229535,1.0044125472242025e-05
2.0215492777389006,48.72218011722406,29620316251.266052,0.008174534694217597,4.375725697850978e-08
3.7760389496230564,18.750913879494245,26428538127.189854,0.004622645996364536,4.062967076885055e-07
7.062051736177303,47.857021621840595,30695515341.780403,0.006098781346458545,8.27923164367741e-06
7.888852917464952,34.01096706257542,32483298742.786167,0.0055395775274728635,9.531833019302567e-06
4.911854430620996,49.16139799722522,21075069506.135845,0.009692266170356529,1.8241082440759565e-06
3.8152306983528783,9.992292189877523,33654724604.717804,0.006515154773186677,1.2572346509232123e-07
2.6285394824159196,32.496513386258236,32657846235.26986,0.004968680583982409,1.2448153866254518e-07
2.666205690305901,19.310282643797763,34591338469.74772,0.0007929609542308325,4.632152455209414e-07
3.879462771566482,10.975446034740997,30760582387.799026,0.007890913950381395,1.3335995859270572e-07
3.192067635075973,37.87753157770254,21128191072.929653,0.007765274708339376,3.1209703893047485e-07
9.177855868474737,27.038539064902302,27773723463.521225,0.0019357643537144644,4.64622609368339e-05
3.425074178097418,47.89030330031257,28025909258.512566,0.005085452862549577,6.021115376735991e-07
6.266825912708907,27.12897797527903,28108761790.043976,0.008401645171941802,2.3070482844724063e-06
4.083812227189933,49.5722740288107,24461651503.72707,0.0014948408394418716,4.909756492749076e-06
5.0141845780806005,45.965223112375156,24501806739.278687,0.007270472823753811,2.123775733908292e-06
7.27337595748725,5.7157386996704105,28483940119.635788,0.004424832086510672,1.652564556885601e-06
4.329751278976013,22.79129735817236,32007983708.87425,0.005739075798153988,5.67752880215987e-07
6.8266417649168645,39.29723571183649,20529679154.274216,0.00663209684418254,8.161992925221021e-06
2.2278362397560594,43.042012331223674,33536053303.131542,0.006860713147079911,6.000441303858518e-08
7.3761614606829236,13.923163221764538,32659452843.654285,0.002204622475230657,7.4534135379763435e-06
2.306304965654216,40.55728983161447,22855461396.10526,0.007630732138917006,8.566796305619736e-08
7.592704653624611,47.979723013543406,26646537871.696114,0.006120707775697331,1.2730343080917574e-05
7.004378434465351,31.184993603748726,31978343140.289375,0.005232070501206017,5.841619998975535e-06
5.961458929309347,41.91354806719335,30214939879.495125,0.0010426052916502687,2.1880728237457032e-05
5.546673855720089,22.463231908642904,20613121553.777218,0.0062960421924176495,2.133192986830867e-06
8.372066202398695,23.25597142129092,23730668317.99069,0.0017154590646646039,3.6543787107317345e-05
2.1176003230525815,47.098787010907756,20979969653.982876,0.002325050868071245,2.5280587706871753e-07
3.5150749243402384,30.736304170734517,28899421853.82293,0.008955175683950902,2.3608343008899495e-07
9.654984720471527,48.14223269683917,31037567117.29205,0.00930647067430942,1.8858132641922617e-05
9.022022533686172,23.64671304964418,29148971200.698273,0.005206965324955321,1.3440557229633883e-05
2.280107787570521,40.48000277740982,32752511647.145878,0.005107086489427694,8.51692852578926e-08
4.480957881229305,11.93414809393817,25173176735.903233,0.0007205261339912418,3.454028266755183e-06
2.9403260063187773,35.22871969665805,24444526361.881363,0.003847188361717696,3.6457971706236167e-07
9.267025144858087,13.04766489490333,25610604403.23672,0.0076731721535198,6.375851156163281e-06
3.4239062405887584,31.135702422281827,27097389173.639957,0.009308444060832935,2.2089218957252986e-07
4.632358434940537,15.433364483668356,29979351621.281296,0.005183869462128596,5.954313880832298e-07
7.271706652879249,10.036694523581783,28372987000.66674,0.007596968049537776,1.695233516102662e-06
5.002325640630468,29.643061014074224,31027020566.775745,0.009110250323418362,8.550259265280563e-07
3.9513764203490185,10.773426702727072,20420936218.19422,0.00531754300119955,3.1491953198069973e-07
3.050545582095115,17.82770928169012,23114441737.38641,0.007483565114773528,1.1621239395273868e-07
9.785778110275736,48.1256565897718,29003861731.21483,0.004202507626773483,4.714466645606064e-05
5.940920469222906,23.35627967699862,20028828311.114407,0.007762019798941538,2.4368405405750937e-06
5.990463307132784,25.068537856646685,20237378305.430096,0.0026669779459442397,7.788176029423386e-06
9.823472096031814,14.59378503668217,29183512112.209026,0.006855622994395937,8.844683676545246e-06
3.0457192665264525,46.654824979837784,24175060403.535954,0.00946763971650793,2.2839444460775974e-07
4.633620211593579,18.77430779971602,26920623563.534733,0.0008412835686168912,4.975731420456692e-06
9.361511841770493,21.613931240770903,29077876624.558537,0.0004176383905277578,0.00017798909977724745
8.695375566029668,44.59474861966928,22211185379.45516,0.003715815429037428,4.0220735473479615e-05
6.467934443373509,49.08776960535694,32057144682.000477,0.00784534843637362,4.447720042109649e-06
5.740771624976118,44.31738708479359,31621386270.670982,0.005703761781708768,3.474975319040231e-06
4.553444345739315,49.65567630916347,21301312911.93539,0.0007937887251080494,1.643828532814416e-05
3.9719849270148844,41.25417072313249,21195844851.427868,0.003224103359177955,1.956488594474967e-06
3.795630532956409,8.859806408789845,24126409433.081272,0.008578198003764309,1.1569377138295189e-07
4.14272781514508,23.358918704558498,26157815329.92384,0.007598376287861933,4.5072832375538554e-07
9.079448883146917,45.51419556809446,27582497706.196434,0.0024856233671374356,5.874280617453136e-05
5.436155507721142,47.46092523742662,31104258247.49937,0.009278800752172701,1.8699533372706968e-06
3.249516844967296,31.887135353407317,25958067189.45411,0.005008821216942279,3.5605867639644513e-07
8.930612775014227,43.74455047073202,24566924285.96005,0.008866312733199253,1.6633894443923666e-05
6.737227686649181,24.548343440677723,27374147431.15224,0.009364440963314931,2.5689959016487355e-06
3.7447565896923454,44.241607376470895,26595639382.487896,0.002085066187534158,2.0428372612252397e-06
4.13429677782017,31.974420043458643,23387711524.26995,0.009534413003026645,5.454643391582938e-07
5.4245313726762205,48.72337959497154,34287131416.289005,0.003942083796098296,4.06413459063446e-06
2.1308874374619133,9.918211932551309,22164115431.357708,0.003406367768714283,3.526730405533846e-08
2.3939318784405126,29.79392292891614,23807039138.35166,0.005455246765634772,9.810560843233102e-08
2.419708818998533,34.03377785272227,21413786499.81306,0.009593946710807339,7.394530402748181e-08
8.50577463618713,36.67548004556704,32057424816.396698,0.008439703659177102,9.238771881327811e-06
8.778376583836337,16.470849475657104,24741462336.834988,0.007188922513083915,7.160155294388738e-06
3.154581627568847,27.210284229144758,27484208976.343575,0.009195358643925847,1.388311823112736e-07
6.87900772563272,48.135216443934276,32071717383.3915,0.0025525955556605687,1.7143546618317214e-05
4.891576163247187,47.13417048956024,32438427036.923393,0.003855863415227954,2.809237776899233e-06
9.704590949170147,8.886103610182687,33870636810.789757,0.008187484749645915,3.700711456535704e-06
4.035489163454904,19.447626786190938,24434441613.392277,0.008403761412417905,3.270498846973975e-07
4.80252817927107,42.75662540530324,33463583173.8317,0.0012161302485935628,7.277284528471603e-06
5.246280149895437,47.25957574376491,22585809658.440063,0.008180076632039273,2.5231407332317087e-06
6.635546581032562,38.23784404590571,23703594891.481384,0.007136105304464608,5.7064172019536085e-06
3.092277203538605,46.330344303691135,33995311056.62757,0.008255057316875734,1.9655263506822342e-07
8.534594759642323,16.919946687771294,33371350215.014324,0.005853231078660848,5.984115132447315e-06
5.671283203703373,20.911381676100333,20782341980.94552,0.00852305872689341,1.5902187898249763e-06
4.5302572486574615,22.117732722140094,23424193649.31211,0.0042361827876431874,1.2224511130273756e-06
9.704530327723843,11.905502708054941,24157577120.44772,0.007806079749821362,7.291187151607784e-06
5.1775590386160895,29.878635482788887,32469093637.07096,0.000908112664433294,9.481780143613945e-06
6.037219347639882,5.55319079374999,27602762095.429977,0.007863060564492779,4.425731193365113e-07
2.111131888526727,8.583877516304613,25824208205.85952,0.009179557077630499,9.365587248773237e-09
6.219686871379033,14.218794669024586,27326229624.542976,0.0028105289525522516,3.607512701760273e-06
2.662428510636894,15.755183413907107,22166734625.13929,0.0015543482822028482,2.9917410802348375e-07
6.046269318588308,34.05946757536378,34197085707.04235,0.006496125630737811,2.6679831023079994e-06
7.340654091372313,46.88068672930363,23673133878.839058,0.00288223629767176,2.5976847557386298e-05
8.1651385130106,48.056657498483766,22492537692.96547,0.008222368899982825,1.5038729651418586e-05
7.170504528024965,34.18537156435603,20995808954.46058,0.00504235153289981,1.1115070204306464e-05
8.95753495165075,26.13717338305016,27970865336.57989,0.0027682302313583947,2.829719156727572e-05
8.341825979935114,31.097636501711445,29298435237.06401,0.006833453401617058,9.7932310787925e-06
2.3387471256776884,26.038398107432066,34179418478.821404,0.0026715761676762134,1.1108460618200421e-07
4.127716624183843,17.471427063451898,20180157576.6463,0.0015042699695827957,2.1754861299159956e-06
2.5898588857759925,38.00865030776935,28564577884.459293,0.005956748119493609,1.3085447696491581e-07
8.1865001090286,13.592782716047624,22664559550.314217,0.0015690228957555125,2.2354433971074957e-05
3.0678424190306073,19.691521052740953,25491133146.56526,0.003887796932575999,2.291698721346954e-07
8.873919729595622,35.92247617094407,23334629839.121525,0.009602960298699377,1.294377573319482e-05
6.397566750094679,22.166730606172553,28763136771.28079,0.0017620507407898217,9.539927406024691e-06
4.127958595771889,38.10266970100886,27937575560.979275,0.002722597278290482,1.8939276967107378e-06
2.850869412247362,35.23002220552801,24509083120.915462,0.006828871784872283,1.8104434786069533e-07
2.1147730321740807,6.859642969396518,22056209069.060417,0.005201665955419677,1.5571197666616214e-08
5.350422290309434,15.248185322521774,32964437670.28222,0.00931105627708745,5.301082477497501e-07
3.807857752239009,26.74765600620575,32601738950.790718,0.002919699876126625,7.692515810820944e-07
8.207535472089967,46.189107197590836,31213357390.83664,0.007312255784397143,1.1957422134314137e-05
2.4320074322979766,27.455086469088073,21692912811.996136,0.00954358020154246,6.040765665357116e-08
5.838499318555436,16.308451774807388,24721780236.84612,0.004650799875645258,2.1460955570872206e-06
9.388289910332151,18.552938747123797,33695751554.442955,0.004215499311477049,1.3212143719054817e-05
6.844436716110302,24.010089785787162,32721907717.44889,0.005409477029025104,3.8760513059097234e-06
6.744196947623666,32.747280541948356,29531990680.476273,0.00031005278822728857,9.633999814958948e-05
7.393998002337756,7.537562716102704,22483109993.152523,0.005903909250072889,2.2099933957306975e-06
2.361909525119339,5.952253300170225,25740170946.80544,0.009073153086320639,1.032769846400424e-08
2.4639018958838257,11.417773188821087,30962013853.405666,0.006364775297684421,2.7803633935783664e-08
3.7837007046863826,36.42495742820854,34527674779.31061,0.005704524296556576,4.935352418364924e-07
4.057937638652061,12.60576835311922,27024645601.90008,0.0010672426492237409,1.543143795478848e-06
3.743876963063248,41.745003579791394,23231173379.833668,0.005635413787188522,8.157040109533763e-07
3.108334954880535,22.848439167265976,31350784680.215183,0.007472529258757371,1.1854698893599242e-07
2.573046210687461,14.143086343719284,24188897585.939217,0.005928973218687034,5.6283066636203095e-08
7.059898247216123,29.409272285318455,23905149021.231613,0.009686485175032757,4.108271640373968e-06
7.260746502869204,31.04066223987501,27347092470.04272,0.001933016400592534,2.124947269736242e-05
3.8092537521041674,16.628884657634963,20426209764.36138,0.00964478077110584,2.314095985575276e-07
4.548720445364435,20.585252343228632,31980591880.1777,0.006644338413182315,5.400248204832244e-07
9.122204489027755,43.67714818545856,25857550849.694607,0.006837720378057146,2.227376040473785e-05
2.027484694453957,44.23546035772116,23340436832.33543,0.0013983929607984925,2.981957571255766e-07
2.018176691871462,7.858890424496569,23659568729.687508,0.001007956199679782,7.118496464648399e-08
7.216490149641774,18.12254740440938,34953958577.93006,0.0001747627912207629,0.00010476513509996789
9.508611131520883,37.83821968436748,25038895936.6646,0.008171362824558374,1.968467057720987e-05
9.336892991330037,43.22407687076465,20749555265.98647,0.0037142390340969135,5.550030760022445e-05
9.830267723182905,35.48412888483756,25970677985.83019,0.008628853682837775,1.925297819795259e-05
3.1828897114236696,38.446575765409165,32391630480.508812,0.003779052451263633,4.1972716494419244e-07
4.421628003009561,5.429642903663359,23348034740.028065,0.006977114473463162,1.658871235834989e-07
8.439279300883207,47.842669998237156,34012714032.74125,0.007015869620330514,1.3241977093358586e-05
5.223153036991172,42.66177215151253,22388433353.9356,0.000695084912617745,2.6567280941334698e-05
3.2117755131390426,9.153080211083893,22290585563.59892,0.008395550789103904,6.776666423267467e-08
7.746034901978743,23.49745570801546,27973135466.84506,0.008156992694574663,4.827321187463755e-06
8.452150152180572,35.32150418497572,29486875160.958115,0.00936068771448092,8.503745941638434e-06
3.6341083057223518,17.730920347313123,29173110123.12633,0.008824428611249031,1.5641997003189798e-07
9.7847695346769,40.575747128750116,32614153103.685116,0.008811737470370857,1.6851557782923706e-05
8.364941588371698,40.78588666562365,33907777805.53331,0.0010455349766422383,7.334363733432691e-05
5.079911571541214,14.070725082408977,29394938945.740463,0.006213316268262971,6.680113542157122e-07
2.367232450140735,21.687179382411966,22087104310.826195,0.00012646762096039983,3.174587797685735e-06
6.5079280666084305,29.46024012558744,34755426113.59706,0.0016465335093447935,1.2024107407604843e-05
7.075052614585675,13.98107307871333,32821298858.836105,0.0005379103486694867,2.5836418939389586e-05
8.175688150235807,26.08312340775056,22370924133.062202,0.002828869903938126,2.3977215476277206e-05
9.17448857239777,19.21337914366332,24343281597.808205,0.0007201099315278031,0.00010110952393177199
5.665690043910845,42.234185324217364,32955874233.47653,0.009785421894161381,1.7571213519260024e-06
2.000042153226966,41.85943231355826,28526157239.246853,0.0012654126858576947,2.4160908164159046e-07
2.271228953574618,44.1108719533278,24002190771.48271,0.008186051976040085,7.778622676418094e-08
2.1404483207380407,23.688498804997188,28985340873.608112,0.004127452182539116,5.4117140792846283e-08
4.986320838050118,33.85219332306923,20182602083.284184,0.0010698763627005467,1.2619313180396739e-05
7.277610152344282,27.286042086541183,31240860723.835716,0.0009504630206357723,3.356419685208061e-05
4.327936981135567,7.4634465568154535,30738519864.113335,0.00763852785846552,1.4521427226207427e-07
8.747011118088356,34.44148504129103,30104346616.412083,0.004309535779157156,2.023483496820211e-05
3.9224155009677535,19.541044042206174,34268598222.335453,0.0008296326052724616,2.118452731102521e-06
3.090555159173695,46.195773250939894,23972028380.470158,0.0021537187405236743,1.0629020562699202e-06
3.6998084300678222,24.628802655913294,32657070797.6869,0.0057885539883519785,3.178715892830654e-07
8.354824182108363,14.496533317812023,23110781173.785805,0.003719502981473825,1.0699233403500266e-05
6.810484400791907,9.966040674705113,21340413894.869087,0.008171821161808566,1.6008541033273427e-06
9.932154921296856,47.14112052195695,31415306507.357853,0.008936046512330644,2.127775967957326e-05
3.6533638874524215,13.796789972296159,28250709531.10834,0.0031180660784331338,3.633070997804311e-07
8.084074985070687,32.71752014264008,33349715604.53744,0.00623738952191533,8.746725359257533e-06
9.190870800021646,30.627647612346067,29045653724.45958,0.0037701737388994927,2.598582721666736e-05
6.98632913371589,19.839875732529165,20337079367.423462,0.005839711387609874,5.181958466781864e-06
6.042587925295323,32.56437736225046,25371996170.223118,0.0019184214455170464,1.1613812626992798e-05
7.947538974191818,10.815157323109716,27260661969.81628,0.008703111949653312,2.3680524595122083e-06
6.780463533390039,19.911773722475026,29732094097.704872,0.0046922934720303585,3.9280372850995196e-06
6.814292171929865,6.142768963385,25227869924.182175,0.0008873594264757348,7.703814437496536e-06
7.58643782240084,48.30233469189216,28304267079.89157,0.0070457517517914054,1.0446703361778074e-05
2.9535683689263506,36.78508222095242,22588682915.522243,0.004308614391975723,3.7451575091553624e-07
2.3284239221448306,17.063416339236472,22461393044.38782,0.004727627746915326,6.149970283930918e-08
8.351732786340026,28.85234758102671,22950921270.928085,0.006563199074883116,1.2134184588502221e-05
2.866378546496298,38.39084341911887,22429213819.479008,0.008672876001376667,1.7346961863933332e-07
3.3233007088733935,44.62596506747339,27445199737.23805,0.0027485985824160283,9.395659033371358e-07
7.554666647646914,35.21717609733806,31702618232.557835,0.00700269015361345,6.728131796092214e-06
5.991111132043929,27.201907094870577,24598202393.47113,0.006127820456622263,3.027319321428746e-06
6.180048345424084,43.761566554548985,32237729264.934517,0.0038002072012531963,6.784649396106604e-06
6.388626909743075,38.89858844385361,27419418231.930756,0.0035141798204029223,8.756297552609778e-06
5.661107847051762,25.006127846448347,23670989802.436153,0.006636300669779235,2.1288666991003083e-06
8.636862346376667,18.078624285493266,34349243956.96536,0.004024408035215577,9.47564890873015e-06
3.2742602106540106,48.451730660493,23292958398.599594,0.002304813331754551,1.350642551795781e-06
7.677246730176168,17.44246249437271,24468909280.614506,0.008401968465759793,3.837716702346788e-06
5.403556831654095,11.909401099278389,22370379227.689053,0.0011233218528521063,5.261021082138926e-06
8.001699742617301,31.35804302109989,20430112843.730556,0.007224916322800311,1.134000243372766e-05
6.279098515942907,41.39753451717733,27417940916.55116,0.009124872589581983,3.3491978169449993e-06
3.8749314779839086,33.42483619742009,24033372306.807137,0.006734522923562691,6.062372615661576e-07
3.5986356904062813,27.108061946294928,21196036982.792267,0.0015798729292179577,1.7677138093600204e-06
4.216242716971219,24.704304169257224,26499405251.25424,0.0009613668786916126,3.990143727145526e-06
3.418442486217887,45.57513967253024,23953440054.74999,0.0019900751638918038,1.6999749636421998e-06
7.03608356829607,49.680559985046706,24055996042.094433,0.005406046873534135,1.2191189099004837e-05
9.081848593552463,48.95003123320495,32096249746.528572,0.00680503246220367,1.985200110572073e-05
8.194877594364172,32.42826365121157,26922439197.337463,0.003325979167163642,2.1266617977695667e-05
2.885152118694246,25.974594078989842,30642601959.465355,0.0007822915899279914,9.776155763817687e-07
5.329524845763139,23.63553980370365,26697494106.844418,0.00373192912286593,2.492036413224401e-06
6.270578583544938,31.23431071820027,26730904193.38642,0.003496664149411469,6.727188475851003e-06
6.371938834000964,21.310246166853272,34162608199.58757,0.0021308790250486823,6.283531907296982e-06
9.60762945481467,17.241634489044046,29996521158.610092,0.0013339429824684903,4.7805078615489106e-05
2.2213244313351765,6.2848389342271265,27354192700.62195,0.005609893605126128,1.2983816781409061e-08
5.811032576593337,48.73642216992875,27716284163.579285,0.0038506921681564694,6.780033770375578e-06
4.606077173662831,48.719297125150284,28052367329.88372,0.007798565637377266,1.3052099801129563e-06
5.071571535614077,16.069499940647752,24923216500.506367,0.009688105391183092,5.732821510664719e-07
9.814918454327474,14.713447239152885,21319270965.473286,0.0006303023872054466,0.00013230574345750434
9.959426034090594,23.874588814001008,20963473939.406464,0.0083038041806952,1.7569992283898662e-05
9.391526928368819,46.356612136169595,22736901177.511845,0.007502122425432546,2.7528330911765503e-05
9.427340783931196,32.76824723400923,30742182633.21164,0.00535887193813802,2.0456943250364896e-05
7.632030069266701,35.571233964725636,26898231945.581005,0.006585496635551241,8.871268740997995e-06
7.241843292754103,23.10933901055593,27665979333.381718,0.00869895628974139,3.438821221135626e-06
4.156762308948104,49.52347588852847,32829854624.522255,0.004142703937792455,1.4155258603271985e-06
5.020484667487646,13.931107540456356,29542653227.592716,0.0005263389649175115,7.411258923241838e-06
2.8250809447923046,32.570017468524696,28651841614.751503,0.0028244490370970686,3.338059472909516e-07
5.309538443944036,48.16125406127367,26246616928.671974,0.00293395038280414,6.4719856817739265e-06
9.517099079398436,9.951569620697022,26233797785.843037,0.004194719735004105,9.660166508740473e-06
2.394574058330371,24.98180185791135,24153048070.401142,0.009101004294082062,4.865353134052053e-08
9.122404570800379,49.22959040764508,30002364960.541687,0.000958676066403236,0.00015433873742752766
7.067680335438213,23.004978816491448,34941481602.55603,0.006655306700995677,3.2140958313305848e-06
3.7181566644262096,24.45976477147931,28324040250.15373,0.009825775830225295,2.1871559008913487e-07
3.7893815710632834,40.28654074639804,31000107748.126457,0.0027288602224492236,1.278579150694835e-06
8.40970682118607,19.087671401049853,34631363231.92753,0.009909694437657844,3.622307389704237e-06
8.906650086578598,21.408006879312673,22151229953.488625,0.0014883891790307912,5.320570824325028e-05
7.073525379467486,20.369341523934974,28814378213.159508,0.0037389233815839267,6.163162465809279e-06
5.487984201455266,28.30425914322827,33635042589.65241,0.0005207514660642762,1.908620123401437e-05
4.0146260378157566,27.783509342926006,22636748994.836388,0.008143932013793443,5.097509853413089e-07
3.9670785793162997,9.419707559382747,20190347705.27372,0.004736001300254038,3.1769018747155994e-07
4.435692703401863,43.94556131866814,31339423090.382812,0.008311459535570363,8.504157782323012e-07
3.085965773459267,9.324190328062905,24820748331.211517,0.001500142390236698,2.9571065646535036e-07
2.01741457809962,10.213946677828822,34991816115.35551,0.00302142943386839,2.0836945040013968e-08
4.476292096894064,29.698476580977488,22224504695.466923,0.009826422824074473,7.109173068997549e-07
5.939405829444633,12.304666597403214,25630370315.535686,0.002749796068116361,2.8289499669683047e-06
4.6049992698869415,14.035493146095597,32858839682.36322,0.0052784853685157625,4.73830675863343e-07
3.361469962536143,19.883487721382615,33939573909.99187,0.0007684305463205024,1.2674688030752449e-06
5.543980472195015,17.520986514007646,33983807308.992573,0.005450942875843731,1.1634304853722929e-06
6.563268851114939,6.371071552589353,24055677571.608,0.008846120324395636,7.23371850748297e-07
2.0938512023869293,12.172440317477122,22410518121.124744,0.003985977844981241,3.4104596747943205e-08
6.57512120316988,26.03556591191071,28937207508.12917,0.00010775823231867457,0.00020319535515497244
3.4455746002980296,6.900566959087151,26846421185.498375,0.009992143048415471,4.7209036971254314e-08
3.8633950292006043,18.169721532257274,25139415508.99788,0.0019106633678546675,1.097296931752315e-06
5.020458758554681,47.902426361822066,29088397119.65027,0.0016276550109654096,8.369273434674954e-06
3.0243831048129577,24.89543514690819,33417164230.26316,0.0062062919075856916,1.307687352444453e-07
7.901612938930549,43.58656215123673,31115401541.382557,0.0006146443096395242,0.00011567916051376213
3.1525825355740054,46.196721604721695,20141245609.672752,0.007666792425532606,3.847829034484544e-07
7.269558481118166,8.212063226292361,24249945689.082527,0.008418206716401993,1.4628265924566498e-06
2.486484666417228,47.44736530378018,28606763660.3892,0.0029469626132860157,2.8012422555798536e-07
9.525329154185755,36.27318161272768,29808648117.899082,0.008689306090278334,1.5011255665203095e-05
3.389924590087359,13.330638633934566,32900600007.726536,0.003956014567854186,1.7611168991959103e-07
5.098782005236221,17.6351991920651,32306923407.978962,0.008672278200503295,5.53931578045257e-07
4.638045684844329,25.023623789437817,33395552161.099346,0.007482800169076107,6.033596939842172e-07
9.004182464115122,39.03029631619837,27976283328.847538,0.004073296017587997,2.9314452452840626e-05
4.389888559688349,36.75566502088541,29520793450.508022,0.0018325839666859787,3.2853764381740867e-06
4.108271932135144,34.44448497574186,29127394516.91194,0.006822300389260052,6.429285761865884e-07
8.281041497528438,28.916740113133258,24983548548.34685,0.0035285723940970664,2.0085137072165184e-05
9.096454244310802,18.22158175145214,23862040676.879135,0.001115398430913144,6.103455749171744e-05
4.777069234216496,5.3435264567562175,24694463906.569008,0.0017743650704457963,8.269329634827562e-07
4.448867404155172,33.194543027217236,26243607764.608902,0.0077197948908566405,8.357454534890134e-07
9.641368465663497,38.78104794438623,25106047675.480446,0.006705372747401062,2.5918613702744708e-05
2.9773495706530797,30.31000456348326,34332810803.605595,0.0006830331747873768,1.3224916428597427e-06
7.555317439262303,21.787448686876306,24945129229.0143,0.00900647079720291,4.114486277953887e-06
6.54175937058217,37.17904753373415,25339778036.09865,0.0017328763175981001,2.0190400208567165e-05
6.789459169734014,25.305725191843834,33119937353.43768,0.00035369391121988576,5.976971719036974e-05
6.835064336944635,41.956423574558876,21469375220.958298,0.005365225903962749,1.035142761506675e-05
5.1376067112233335,49.148758326566586,21540020798.48593,0.002758911404726309,7.502584229458523e-06
4.377595869442094,12.4182486251912,28938570249.56633,0.008564988683478195,2.395730325940978e-07
2.3142637905662076,5.531490836396913,28421943671.376575,0.0034869069928388516,2.084674627911891e-08
7.886009368381367,29.94574791194821,24037818061.906742,0.0057564567873403865,1.08981506323915e-05
7.763928934396077,34.55979742725981,27083946415.017395,0.003581878515726758,1.6854403086922013e-05
5.6665681447692,7.663616460381032,27633315054.915417,0.0025049641870512904,1.4863411279717017e-06
2.729859327976021,14.489558996952455,28463880307.85958,0.0039310589692614535,9.363783342147229e-08
7.11121565114258,21.349493650298122,28276898461.335808,0.009230399366101996,2.723638667447615e-06
2.669575965684789,42.85182527342829,26910816060.115643,0.009614673209911965,1.0952565136121895e-07
4.623113849836424,16.472118679407593,25011023599.53558,0.006065345096926712,6.458618247951939e-07
5.2183773136889435,5.788671928036967,20481640689.45381,0.0030836427558767567,8.8497463834605e-07
4.774424206183032,22.040139706172546,29820869696.02918,0.008914410070134188,5.60950091417037e-07
5.002994760560346,40.177028472873424,28495731714.817947,0.009930382311355316,1.1582198478626314e-06
6.327640717676229,45.37617472233912,27203486830.374954,0.00259634720939338,1.3410549256646743e-05
9.845067536191014,33.983416132325104,29293866865.638565,0.007505185224771083,1.890786504847356e-05
7.946489079947975,15.697926202504117,24123281656.18432,0.003983362629654516,8.481955595418271e-06
2.9021922844945376,41.10677841467846,22799321131.603214,0.004557909949865273,3.654006355339846e-07
4.644913413272072,34.398144865384,33645150042.740467,0.001592877808102907,3.8902665640543584e-06
8.581133939831755,26.54421719985333,21012203784.53794,0.00014826549136674364,0.0006015555528818196
2.064814866076863,14.219554350861793,26590426799.439148,0.0028338072641100175,4.4663589315244725e-08
6.7053137461749355,29.999281113898515,33830660315.852875,0.005765898062846995,4.048075532691847e-06
2.7948929527037247,25.717095301064816,25949914507.41512,0.008109071072704876,9.709891351870743e-08
2.234892040435134,5.103197441476204,21888898479.59425,0.0015251849230528505,4.965476558684669e-08
7.593379150574609,41.043821477081465,20451737942.871464,0.0015834884685452433,5.4863282429366515e-05
6.393408829406061,31.7447900698351,25612339456.935326,0.004803464860683078,5.613545900408765e-06
6.72515130019269,29.566552771750544,34580938472.83896,0.006266536409336042,3.633986982010153e-06
2.2335029389924888,24.648714523646746,30599290128.05232,0.0020187475428705528,1.29296213201709e-07
7.966439647516337,46.93126488947602,28666950381.978195,0.0067695039049466485,1.2682935474793149e-05
6.438329086593898,11.491838827360775,27223359644.699158,0.009713773363398728,9.72279892776219e-07
5.368842895073144,42.86571296322536,29379039282.231293,0.0014124747003748238,1.1175149623825718e-05
2.2290569465918377,47.36540648581757,26676996985.736286,0.0011731750849220497,4.86502339084018e-07
6.41685683024446,23.336544438546184,29032950935.414383,0.0016288230998698185,1.0894307434177304e-05
7.436237517740154,33.86972717938629,29904645964.782104,0.008842948223084937,5.099501721535712e-06
7.361453776966136,29.95729325737381,24998804473.188305,0.003519468168682531,1.3019653531127637e-05
5.496689548381176,19.265435709110594,22055504786.393528,0.004828962258075262,2.1500652383780235e-06
2.440761698487645,48.02190978241783,30703607114.00344,0.005257890662023936,1.3746077078788993e-07
7.139299204598559,37.39104281985063,29453038004.6621,0.00969080280284929,4.431378407382034e-06
7.310375136850547,47.12655432674723,29464955934.547348,0.00997269193459312,5.964100079634055e-06
9.680038433338254,48.61436240863763,27805117871.683113,0.0032863039613710457,6.082459556199182e-05
6.3332610416796085,29.61512453099192,25194348791.286304,0.0052316554909032,4.7067336642431335e-06
3.365209013561655,10.270227872413457,32763273371.677124,0.002194945116811152,2.3848226215566904e-07
6.149114043936323,24.67778573495691,29231052145.707,0.009675069902656269,1.6244135399995117e-06
8.948462128932022,8.305430200826391,34403581289.95108,0.009997268283894063,2.0160882114056193e-06
3.7277016838263792,49.15288540954866,27271280508.106445,0.007695943479005643,5.888233132250007e-07
7.240355739885832,24.213579990196504,22544964527.98366,0.005876789090144064,6.539548172027788e-06
2.3942869390580332,46.80046183429431,24210416169.100986,0.004795701982858095,1.724802061263008e-07
6.631973366323321,44.55029420209592,34491931897.842766,0.009173120133722497,3.546711384656298e-06
5.0016089656430065,9.279588608361877,23154261216.51668,0.00781148635024005,4.180630991118717e-07
3.109284352874189,47.08632913809641,26786250800.20707,0.0005240454563918428,4.082201975995054e-06
3.8182324498691553,22.95744985008837,23865195813.0583,0.005401005626889546,4.929152439432845e-07
4.670706442166665,23.693262065120997,23627651119.46097,0.0015966806319524945,3.891843076872705e-06
9.99937299450983,22.59022713000592,28286246573.289036,0.009161778051688309,1.1347373831120846e-05
4.422639600510427,22.243337607532247,20973040446.109264,0.003141514329030693,1.6817618457681375e-06
2.9137964420586675,12.09131590514679,21056736745.837933,0.007985653052970155,6.749128193447518e-08
2.8895624237081954,26.43742926010219,32365503859.921444,0.0046416982353506536,1.5974491829728932e-07
9.280353868438198,37.43969419814777,23668029277.276363,0.006147775013571258,2.4851302500167483e-05
5.897445378683036,22.21044012887711,34567258139.48761,0.004413729292794496,2.2928784239696794e-06
7.314952848433313,15.528057524442575,28069780972.2256,0.00929285895410358,2.219288005806435e-06
6.208928168157827,45.611362342680536,24106482462.739998,0.002251501146175475,1.6261939814820817e-05
8.378430989050349,13.946574891075603,27609723192.076633,0.0031286533745277898,1.0359472169177375e-05
5.2791507420576895,25.525739997106722,29937796823.41974,0.006606488069050272,1.3052174818180714e-06
5.9382091089506,40.02196091375788,33898762239.314106,0.0040688212161200015,4.697931093583407e-06
7.260314082016593,21.856645456736867,29239730114.310184,0.0041949847833810125,6.4467402610787545e-06
6.821951141102088,19.902885636661892,25352945323.938297,0.0014693935031377023,1.506685854804821e-05
5.13183014879448,36.857014505114776,21992499297.71837,0.00018598580796666206,8.137549368972383e-05
8.5981224582709,31.83263172833314,20838295135.643406,0.0017693754385138406,6.143893102472356e-05
9.993086683793685,43.81270763034594,32802332508.352425,0.004414290626066882,3.9289078496459905e-05
6.93390427252284,38.13531440145398,23085492531.55453,0.009938168939494738,5.003016761408157e-06
5.384748220909427,33.32977924042587,30771890955.761066,0.0052269685322023475,2.2684476042734363e-06
6.485741449728515,12.746067358140696,30103826610.29896,0.0007855412257375856,1.2418319533472527e-05
9.771925808702122,11.915527788375098,32111597367.502026,0.008338959085770046,5.283223156429514e-06
4.569139162343152,44.02136315584091,22703314556.22677,0.004767557007901406,2.3081001422529756e-06
2.63217840590979,47.734398293438126,23424412788.05629,0.005796171692384434,2.197462972669169e-07
3.1622701089508976,21.593414685869767,23499789946.16338,0.0016388103042042185,7.300679622390872e-07
4.481215440351512,49.77127902634063,22268010568.087337,0.0004659005605961515,2.5189887297269772e-05
4.749090180306997,24.77180398305861,24370990174.577164,0.00981261641648172,6.860884114236743e-07
4.656148861476864,25.198840518444698,22953718458.66246,0.008962434070278977,7.496313491382875e-07
4.099936373622257,26.421965849793455,21163169419.940243,0.004870504498987494,9.430999404074987e-07
2.6506349120741204,39.791355828892094,20288008370.963367,0.0036342509498812144,3.4687487557513885e-07
2.7599402720281647,32.19946195740414,22801436504.915318,0.005067977146534851,2.105180180472258e-07
4.824920850549246,32.14449848480668,25426163236.421207,0.007145353483008713,1.2485376951844309e-06
5.809141427069991,35.20524066671793,33652454187.17715,0.0006549000257157795,2.3686568437767752e-05
8.676092253777089,19.2181619117761,22705066011.060802,0.0022695672182660182,2.7515756293264875e-05
8.475856601393513,19.834544540985522,23049999706.740044,0.0005696807751055836,0.00010150628334353295
6.81632821047736,48.24178851836916,31818335403.986797,0.008625887257118922,4.940636729871635e-06
9.112384499747757,15.419487189463602,29127950388.780113,0.001381518284913205,3.440093870866259e-05
2.985706685529122,28.54578003124,31547114415.22563,0.007393682406647945,1.2663356246892818e-07
4.245462645365237,36.83480655918967,20279144957.149662,0.008817660095575641,8.713532918850884e-07
6.7732803981278025,37.95587502748722,20323599696.198154,0.0037240326150253717,1.3743580764676302e-05
3.8184091816673904,20.125687914485088,25866600460.230873,0.006708516877241351,3.210358293989364e-07
4.112699194252061,17.481927881834864,29761668736.646404,0.0016731639123967659,1.3077963506444662e-06
4.830081201455206,46.25651801676919,34569865437.24218,0.009129836268541398,1.0386489053574694e-06
3.689715276333618,24.036316539359557,24818495294.035427,0.006515918980572539,3.5869637602847596e-07
2.2578131825085537,41.03514040302182,33096554579.841408,0.0027922505230291105,1.5024829594602388e-07
4.7102781697534555,17.039515233781852,21105744453.082344,0.007190229601258641,7.19678955042265e-07
4.521835231467019,19.756753414745447,26313764838.378754,0.004569559990963488,8.94449694613195e-07
6.941034905392977,23.37699715280408,31948468256.75665,0.004285984691931709,5.159691798501758e-06
8.809960996487167,48.46756025207777,22904585140.405144,0.006595997449925307,2.5164190981453564e-05
3.3493370394199475,20.64751819458383,22223790186.297985,0.0027625129067843928,5.510862844220561e-07
3.182670032226155,20.111390439754413,27696555431.81224,0.0072161731833429695,1.3443570510950166e-07
8.924064812570077,8.251670794086802,22875295964.487766,0.0025596910327864405,1.1637970913465701e-05
5.5852143023136955,19.462849240033545,28636359833.907436,0.009482568554190296,9.081566393993324e-07
9.861479494303806,36.93509531744429,23675370243.497173,0.004343078230726436,4.4233558251965916e-05
6.200124453557907,46.55520795399894,32276528091.40086,0.00017364245936655532,0.00015983281129475
6.748805945367538,21.98137091383623,33482344222.92478,0.0006844584368615842,2.590826789773452e-05
5.122302327377377,37.91136524991043,28697273080.212223,0.0051979701328839145,2.278214570052387e-06
4.787911929200417,29.857018188796197,31359982596.903137,0.005762058345686361,1.1306192121492705e-06
9.646819556558384,16.004876786579104,29394188761.25604,0.0027130896731348865,2.263091474259547e-05
7.054330590873426,42.33278681035091,32435206342.4839,0.006820353695636416,6.1704283055795695e-06
3.87854587895149,17.95178693732688,27701004492.573784,0.004560029133977136,4.187540903066993e-07
5.258147151671104,47.33851301361944,34899920954.32435,0.0026500913817098224,5.094470388363614e-06
4.716975082375679,41.62684916671411,29393144153.12223,0.008579369219988094,1.0640578612167801e-06
9.2643003654962,42.05516799371515,27975027272.661663,0.006498120166496268,2.218964755080002e-05
7.283579562236234,18.58417225100589,33563730628.742924,0.006223336671512467,3.2603779958035294e-06
9.254343420898179,42.14659174194896,20808219824.379887,0.0054994856964702896,3.517439881152659e-05
3.0089169417078585,6.021395558675324,28443867802.523724,0.0001705801747714421,1.324523078310512e-06
3.546963918394801,24.69964674736058,32373020650.234,0.0023179506356316277,6.783740048061148e-07
2.468457202916907,47.710513430746,23833282503.07119,0.0048877460386203145,1.9799890338217837e-07
7.109108424767726,24.544136915832635,23166721693.353188,0.0041755438345582995,8.438581865028722e-06
6.383881514616819,16.69504002731583,24369235342.89686,0.008770349176464827,1.6892997958757792e-06
5.470898050229207,35.71176808491768,26755813539.39564,0.0006307795508990581,2.468248339375764e-05
5.026576889952572,13.326807609519514,33094880569.50819,0.0047964454154604775,6.978689956625755e-07
2.997156524668659,20.11891580372624,23930293720.92187,0.006693629675417456,1.319688219126086e-07
9.85258998391507,11.129913026216975,31093649277.1637,0.0074357156771285675,5.906602158429015e-06
7.396551087528755,31.8301739587043,33119044248.860474,0.009438903450635378,3.968217772986236e-06
